player_id,timestamp,x,y,speed,direction
Player_Ghost_03,2026-09-29 14:00:10.567,494.02,514.39,5.37,40.03
Player_Ghost_03,2026-09-29 14:00:11.103,499.18,515.75,8.89,14.74
Player_Ghost_03,2026-09-29 14:00:11.597,504.14,514.96,8.37,350.94
Player_Ghost_03,2026-09-29 14:00:12.156,508.54,512.56,8.36,331.45
Player_Viper_02,2026-09-29 14:00:12.588,468.2,457.2,9.53,101.66
Player_Ghost_03,2026-09-29 14:00:12.653,513.98,507.46,12.43,316.84
Player_Ghost_03,2026-09-29 14:00:13.104,516.86,503.2,8.57,304.01
Player_Viper_02,2026-09-29 14:00:13.107,469.27,464.26,11.89,81.38
Player_Ghost_03,2026-09-29 14:00:13.638,518.13,500.24,5.36,293.2
Player_Viper_02,2026-09-29 14:00:13.680,471.71,470.49,11.16,68.62
Player_Viper_02,2026-09-29 14:00:14.159,473.96,474.26,7.31,59.14
Player_Ghost_03,2026-09-29 14:00:14.255,519.4,494.72,9.44,282.95
Player_Viper_02,2026-09-29 14:00:14.666,477.79,479.57,10.92,54.22
Player_Ghost_03,2026-09-29 14:00:14.824,519.92,490.64,6.86,277.37
Player_Viper_02,2026-09-29 14:00:15.258,479.47,481.66,4.47,51.23
Player_Ghost_03,2026-09-29 14:00:15.454,520.21,486.18,7.46,273.72
Player_Apex_01,2026-09-29 14:00:15.485,494.08,243.03,12.57,47.05
Player_Viper_02,2026-09-29 14:00:15.845,482.43,484.86,7.27,47.19
Player_Apex_01,2026-09-29 14:00:15.957,494.92,245.51,4.36,71.23
Player_Ghost_03,2026-09-29 14:00:15.979,520.61,479.57,11.04,273.41
Player_Viper_02,2026-09-29 14:00:16.362,487.71,489.78,12.03,42.96
Player_Apex_01,2026-09-29 14:00:16.536,493.87,250.57,8.61,101.76
Player_Ghost_03,2026-09-29 14:00:16.551,520.51,475.67,6.49,268.59
Player_Viper_02,2026-09-29 14:00:16.839,490.85,492.76,7.22,43.53
Player_Ghost_03,2026-09-29 14:00:17.107,520.19,472.05,6.06,264.92
Player_Apex_01,2026-09-29 14:00:17.165,491.48,255.03,8.43,118.14
Player_Viper_02,2026-09-29 14:00:17.432,494.66,496.25,8.6,42.53
Player_Apex_01,2026-09-29 14:00:17.616,488.5,258.5,7.63,130.67
Player_Ghost_03,2026-09-29 14:00:17.727,519.13,467.0,8.61,258.19
Player_Viper_02,2026-09-29 14:00:18.044,498.77,499.2,8.43,35.58
Player_Apex_01,2026-09-29 14:00:18.137,485.41,260.85,6.47,142.71
Player_Ghost_03,2026-09-29 14:00:18.329,518.39,462.05,8.34,261.45
Player_Viper_02,2026-09-29 14:00:18.598,501.18,500.82,4.84,33.9
Player_Apex_01,2026-09-29 14:00:18.610,481.7,263.45,7.55,144.96
Player_Ghost_03,2026-09-29 14:00:18.959,517.82,459.43,4.47,257.75
Player_Apex_01,2026-09-29 14:00:19.127,477.44,265.98,8.25,149.27
Player_Viper_02,2026-09-29 14:00:19.174,504.51,502.92,6.56,32.3
Player_Titan_04,2026-09-29 14:00:19.502,479.6,219.26,7.48,144.61
Player_Ghost_03,2026-09-29 14:00:19.549,516.96,455.27,7.07,258.35
Player_Apex_01,2026-09-29 14:00:19.673,473.77,267.85,6.87,153.0
Player_Viper_02,2026-09-29 14:00:19.723,508.76,505.19,8.04,28.09
Player_Titan_04,2026-09-29 14:00:19.967,475.28,221.92,8.47,148.32
Player_Ghost_03,2026-09-29 14:00:20.041,516.65,452.27,5.03,264.09
Player_Apex_01,2026-09-29 14:00:20.215,471.25,268.57,4.36,164.19
Player_Viper_02,2026-09-29 14:00:20.311,510.79,506.43,3.96,31.57
Player_Titan_04,2026-09-29 14:00:20.428,470.84,223.78,8.02,157.37
Player_Ghost_03,2026-09-29 14:00:20.543,515.73,445.42,11.52,262.35
Player_Apex_01,2026-09-29 14:00:20.723,465.09,269.91,10.5,167.73
Player_Viper_02,2026-09-29 14:00:20.867,514.05,508.76,6.67,35.52
Player_Titan_04,2026-09-29 14:00:21.057,465.53,225.61,9.36,160.95
Player_Ghost_03,2026-09-29 14:00:21.107,515.24,441.63,6.37,262.52
Player_Apex_01,2026-09-29 14:00:21.198,458.29,271.32,11.58,168.3
Player_Viper_02,2026-09-29 14:00:21.388,575.53,549.95,49.34,35.52
Player_Titan_04,2026-09-29 14:00:21.655,467.23,217.79,21.94,160.95
Player_Ghost_03,2026-09-29 14:00:21.673,514.54,437.21,7.45,261.05
Player_Apex_01,2026-09-29 14:00:21.689,453.45,272.46,8.3,166.68
Player_Viper_02,2026-09-29 14:00:21.898,578.93,552.45,7.03,36.34
Player_Ghost_03,2026-09-29 14:00:22.201,513.05,430.6,11.3,257.3
Player_Titan_04,2026-09-29 14:00:22.256,459.59,220.13,13.32,163.02
Player_Apex_01,2026-09-29 14:00:22.313,450.91,273.03,4.32,167.44
Player_Viper_02,2026-09-29 14:00:22.487,581.16,554.01,4.53,34.93
Player_Titan_04,2026-09-29 14:00:22.766,453.62,221.65,10.27,165.74
Player_Ghost_03,2026-09-29 14:00:22.841,512.54,425.52,8.51,264.31
Player_Apex_01,2026-09-29 14:00:22.949,445.35,274.21,9.48,168.04
Player_Viper_02,2026-09-29 14:00:23.007,586.8,557.69,11.23,33.15
Player_Titan_04,2026-09-29 14:00:23.316,448.74,222.64,8.3,168.43
Player_Ghost_03,2026-09-29 14:00:23.470,511.45,418.46,11.9,261.24
Player_Cipher_10,2026-09-29 14:00:23.543,513.22,237.47,10.24,91.89
Player_Apex_01,2026-09-29 14:00:23.562,441.11,274.91,7.15,170.62
Player_Viper_02,2026-09-29 14:00:23.573,590.35,560.5,7.54,38.39
Player_Titan_04,2026-09-29 14:00:23.835,445.82,223.04,4.9,172.32
Player_Ghost_03,2026-09-29 14:00:23.937,511.07,413.23,8.74,265.83
Player_Cipher_10,2026-09-29 14:00:24.020,513.78,242.64,8.68,83.76
Player_Viper_02,2026-09-29 14:00:24.028,633.63,618.06,48.01,38.39
Player_Apex_01,2026-09-29 14:00:24.208,438.86,275.08,3.77,175.51
Player_Ghost_03,2026-09-29 14:00:24.433,510.44,406.63,11.05,264.54
Player_Titan_04,2026-09-29 14:00:24.482,443.59,223.42,3.77,170.22
Player_Cipher_10,2026-09-29 14:00:24.505,514.15,248.0,8.94,86.07
Player_Viper_02,2026-09-29 14:00:24.622,636.87,620.82,7.1,40.43
Player_Apex_01,2026-09-29 14:00:24.738,432.79,275.4,10.13,177.04
Player_Ghost_03,2026-09-29 14:00:25.048,509.92,399.58,11.78,265.76
Player_Titan_04,2026-09-29 14:00:25.051,439.29,224.31,7.32,168.38
Player_Cipher_10,2026-09-29 14:00:25.136,514.5,250.86,4.81,83.05
Player_Viper_02,2026-09-29 14:00:25.222,641.02,624.41,9.15,40.86
Player_Apex_01,2026-09-29 14:00:25.333,427.93,276.01,8.16,172.82
Player_Nova_05,2026-09-29 14:00:25.539,881.2,149.39,8.21,83.38
Player_Ghost_03,2026-09-29 14:00:25.612,509.68,394.48,8.51,267.3
Player_Cipher_10,2026-09-29 14:00:25.687,514.39,253.71,4.75,92.16
Player_Titan_04,2026-09-29 14:00:25.698,434.37,225.56,8.47,165.69
Player_Viper_02,2026-09-29 14:00:25.709,644.82,626.66,7.36,30.62
Player_Apex_01,2026-09-29 14:00:25.884,425.18,276.16,4.6,176.93
Player_Nova_05,2026-09-29 14:00:26.081,879.92,154.42,8.65,104.27
Player_Titan_04,2026-09-29 14:00:26.178,440.15,231.09,25.05,165.69
Player_Viper_02,2026-09-29 14:00:26.196,648.74,629.27,7.84,33.64
Player_Ghost_03,2026-09-29 14:00:26.236,509.63,391.98,4.18,268.93
Player_Cipher_10,2026-09-29 14:00:26.307,514.11,258.51,8.01,93.42
Player_Apex_01,2026-09-29 14:00:26.369,420.53,276.4,7.76,177.02
Player_Nova_05,2026-09-29 14:00:26.652,876.54,159.57,10.28,123.29
Player_Viper_02,2026-09-29 14:00:26.674,653.18,630.04,7.52,9.94
Player_Ghost_03,2026-09-29 14:00:26.775,509.72,387.08,8.16,271.05
Player_Titan_04,2026-09-29 14:00:26.782,447.76,228.64,25.11,165.69
Player_Cipher_10,2026-09-29 14:00:26.825,514.3,263.95,9.08,87.91
Player_Apex_01,2026-09-29 14:00:26.968,416.11,276.99,7.42,172.33
Player_Nova_05,2026-09-29 14:00:27.104,874.94,160.94,3.5,139.43
Player_Viper_02,2026-09-29 14:00:27.184,655.34,631.57,4.41,35.25
Player_Ghost_03,2026-09-29 14:00:27.257,509.94,384.64,4.09,275.19
Player_Titan_04,2026-09-29 14:00:27.323,442.82,229.34,8.32,171.94
Player_Cipher_10,2026-09-29 14:00:27.449,514.55,268.99,8.4,87.16
Player_Apex_01,2026-09-29 14:00:27.453,413.06,277.4,5.13,172.42
Player_Shadow_08,2026-09-29 14:00:27.502,536.64,512.58,7.53,243.71
Player_Ghost_03,2026-09-29 14:00:27.712,510.54,379.78,8.16,277.05
Player_Nova_05,2026-09-29 14:00:27.718,868.52,164.56,12.29,150.61
Player_Titan_04,2026-09-29 14:00:27.817,450.8,228.71,23.56,171.94
Player_Viper_02,2026-09-29 14:00:27.823,656.55,634.09,4.65,64.33
Player_Apex_01,2026-09-29 14:00:27.931,409.12,277.72,6.59,175.32
Player_Cipher_10,2026-09-29 14:00:28.001,515.3,275.35,10.67,83.3
Player_Shadow_08,2026-09-29 14:00:28.125,532.37,509.61,8.67,214.89
Player_Ghost_03,2026-09-29 14:00:28.270,510.54,377.26,4.21,269.92
Player_Nova_05,2026-09-29 14:00:28.342,864.47,166.75,7.67,151.62
Player_Viper_02,2026-09-29 14:00:28.387,656.61,636.64,4.25,88.66
Player_Titan_04,2026-09-29 14:00:28.407,443.9,230.35,11.81,166.63
Player_Apex_01,2026-09-29 14:00:28.533,402.39,278.02,11.23,177.45
Player_Cipher_10,2026-09-29 14:00:28.550,515.22,279.98,7.72,90.97
Player_Shadow_08,2026-09-29 14:00:28.582,528.42,508.69,6.76,193.09
Player_Ghost_03,2026-09-29 14:00:28.808,510.01,370.2,11.8,265.69
Player_Nova_05,2026-09-29 14:00:28.821,860.31,168.93,7.83,152.35
Player_Titan_04,2026-09-29 14:00:28.892,446.63,222.83,27.83,166.63
Player_Viper_02,2026-09-29 14:00:28.965,655.49,641.09,7.65,104.08
Player_Cipher_10,2026-09-29 14:00:29.032,514.66,284.71,7.94,96.8
Player_Shadow_08,2026-09-29 14:00:29.095,523.37,509.25,8.46,173.65
Player_Apex_01,2026-09-29 14:00:29.118,395.25,278.57,11.93,175.57
Player_Titan_04,2026-09-29 14:00:29.375,442.19,223.57,7.51,170.62
Player_Nova_05,2026-09-29 14:00:29.403,853.72,171.9,12.05,155.73
Player_Ghost_03,2026-09-29 14:00:29.453,509.64,365.69,7.54,265.35
Player_Cipher_10,2026-09-29 14:00:29.542,514.69,289.94,8.71,89.63
Player_Shadow_08,2026-09-29 14:00:29.547,517.5,511.64,10.56,157.83
Player_Viper_02,2026-09-29 14:00:29.583,652.25,646.98,11.21,118.83
Player_Apex_01,2026-09-29 14:00:29.742,390.0,278.56,8.75,180.17
Player_Nova_05,2026-09-29 14:00:29.967,848.46,173.41,9.12,163.96
Player_Titan_04,2026-09-29 14:00:29.990,447.52,229.53,26.13,170.62
Player_Viper_02,2026-09-29 14:00:30.048,648.55,651.45,9.66,129.63
Player_Shadow_08,2026-09-29 14:00:30.098,514.11,514.93,7.88,135.95
Player_Ghost_03,2026-09-29 14:00:30.099,509.23,362.24,5.79,263.11
Player_Cipher_10,2026-09-29 14:00:30.144,514.81,295.07,8.56,88.66
Player_Apex_01,2026-09-29 14:00:30.260,385.36,278.8,7.75,177.07
Player_Titan_04,2026-09-29 14:00:30.445,442.79,230.42,8.01,169.37
Player_Nova_05,2026-09-29 14:00:30.499,845.94,174.15,4.37,163.6
Player_Viper_02,2026-09-29 14:00:30.525,646.58,653.11,4.3,139.84
Player_Ghost_03,2026-09-29 14:00:30.566,510.56,357.41,8.35,285.4
Player_Phoenix_06,2026-09-29 14:00:30.574,502.34,253.66,6.91,38.01
Player_Cipher_10,2026-09-29 14:00:30.718,514.8,299.13,6.77,90.12
Player_Shadow_08,2026-09-29 14:00:30.736,510.79,519.52,9.44,125.88
Player_Apex_01,2026-09-29 14:00:30.750,378.05,278.94,12.18,178.85
Player_Titan_04,2026-09-29 14:00:30.927,450.54,228.43,27.42,169.37
Player_Viper_02,2026-09-29 14:00:30.995,644.4,654.44,4.26,148.68
Player_Ghost_03,2026-09-29 14:00:31.028,512.71,353.06,8.1,296.33
Player_Phoenix_06,2026-09-29 14:00:31.048,505.67,257.29,8.21,47.55
Player_Nova_05,2026-09-29 14:00:31.146,844.07,175.67,4.02,141.03
Player_Shadow_08,2026-09-29 14:00:31.199,507.51,525.47,11.33,118.83
Player_Apex_01,2026-09-29 14:00:31.267,373.34,279.16,7.85,177.37
Player_Cipher_10,2026-09-29 14:00:31.354,514.63,304.98,9.76,91.72
Player_Titan_04,2026-09-29 14:00:31.389,443.58,230.15,11.95,166.13
Player_Viper_02,2026-09-29 14:00:31.604,640.91,656.98,7.19,143.98
Player_Ghost_03,2026-09-29 14:00:31.616,514.1,351.19,3.89,306.63
Player_Phoenix_06,2026-09-29 14:00:31.645,510.22,262.56,11.6,49.21
Player_Apex_01,2026-09-29 14:00:31.744,369.14,279.59,7.04,174.08
Player_Nova_05,2026-09-29 14:00:31.757,840.24,179.72,9.29,133.33
Player_Shadow_08,2026-09-29 14:00:31.804,505.91,530.62,8.98,107.27
Player_Cipher_10,2026-09-29 14:00:31.871,514.14,311.84,11.46,94.08
Player_Titan_04,2026-09-29 14:00:31.940,438.72,231.35,8.34,166.03
Player_Phoenix_06,2026-09-29 14:00:32.180,513.71,266.13,8.33,45.56
Player_Ghost_03,2026-09-29 14:00:32.194,518.2,346.54,10.33,311.34
Player_Viper_02,2026-09-29 14:00:32.206,637.31,659.89,7.72,141.07
Player_Nova_05,2026-09-29 14:00:32.233,836.94,185.5,11.09,119.76
Player_Apex_01,2026-09-29 14:00:32.349,365.95,279.69,5.31,178.36
Player_Cipher_10,2026-09-29 14:00:32.371,513.76,314.59,4.63,97.9
Player_Shadow_08,2026-09-29 14:00:32.445,506.98,536.1,9.3,78.89
Player_Titan_04,2026-09-29 14:00:32.480,434.33,232.67,7.65,163.28
Player_Phoenix_06,2026-09-29 14:00:32.660,516.63,269.09,6.92,45.46
Player_Viper_02,2026-09-29 14:00:32.681,632.68,663.06,9.34,145.54
Player_Ghost_03,2026-09-29 14:00:32.791,521.95,343.07,8.52,317.24
Player_Nova_05,2026-09-29 14:00:32.872,834.12,191.92,11.7,113.75
Player_Titan_04,2026-09-29 14:00:32.968,440.04,238.28,24.47,163.28
Player_Shadow_08,2026-09-29 14:00:32.972,508.96,538.71,5.45,52.9
Player_Apex_01,2026-09-29 14:00:32.998,360.67,279.82,8.8,178.49
Player_Cipher_10,2026-09-29 14:00:33.007,512.89,320.97,10.74,97.72
Player_Phoenix_06,2026-09-29 14:00:33.264,520.48,272.77,8.89,43.7
Player_Ghost_03,2026-09-29 14:00:33.323,527.62,338.07,12.6,318.62
Player_Viper_02,2026-09-29 14:00:33.327,628.62,665.41,7.82,150.01
Player_Nova_05,2026-09-29 14:00:33.513,832.22,196.55,8.34,112.21
Player_Titan_04,2026-09-29 14:00:33.545,437.54,238.84,4.28,167.31
Player_Shadow_08,2026-09-29 14:00:33.565,503.77,532.61,22.93,52.9
Player_Apex_01,2026-09-29 14:00:33.573,354.04,279.81,11.05,180.11
Player_Cipher_10,2026-09-29 14:00:33.608,512.48,324.02,5.12,97.64
Player_Phoenix_06,2026-09-29 14:00:33.727,524.36,276.72,9.23,45.54
Player_Viper_02,2026-09-29 14:00:33.835,625.23,666.98,6.23,155.14
Player_Ghost_03,2026-09-29 14:00:33.906,529.21,336.59,3.62,317.11
Player_Nova_05,2026-09-29 14:00:33.985,830.41,200.99,7.99,112.25
Player_Titan_04,2026-09-29 14:00:34.066,432.95,239.33,7.68,173.85
Player_Shadow_08,2026-09-29 14:00:34.101,507.86,535.0,7.89,30.27
Player_Apex_01,2026-09-29 14:00:34.101,348.51,279.68,9.23,181.33
Player_Cipher_10,2026-09-29 14:00:34.160,511.99,331.5,12.5,93.82
Player_Phoenix_06,2026-09-29 14:00:34.215,525.77,278.26,3.48,47.29
Player_Nova_05,2026-09-29 14:00:34.453,828.31,205.31,8.01,115.86
Player_Viper_02,2026-09-29 14:00:34.471,620.47,669.0,8.62,156.91
Player_Ghost_03,2026-09-29 14:00:34.507,533.34,333.26,8.84,321.07
Player_Apex_01,2026-09-29 14:00:34.571,345.25,279.64,5.44,180.84
Player_Titan_04,2026-09-29 14:00:34.650,427.74,239.93,8.75,173.47
Player_Shadow_08,2026-09-29 14:00:34.686,512.44,535.71,7.73,8.79
Player_Cipher_10,2026-09-29 14:00:34.719,511.58,338.02,10.88,93.56
Player_Phoenix_06,2026-09-29 14:00:34.837,529.48,282.17,8.99,46.58
Player_Nova_05,2026-09-29 14:00:35.002,826.3,209.61,7.91,115.13
Player_Viper_02,2026-09-29 14:00:35.016,615.74,671.5,8.92,152.25
Player_Ghost_03,2026-09-29 14:00:35.066,537.27,330.91,7.63,329.18
Player_Titan_04,2026-09-29 14:00:35.104,423.88,240.79,6.59,167.41
Player_Shadow_08,2026-09-29 14:00:35.168,517.27,535.36,8.06,355.89
Player_Apex_01,2026-09-29 14:00:35.215,340.11,280.41,8.66,171.42
Player_Cipher_10,2026-09-29 14:00:35.266,511.0,342.64,7.77,97.18
Player_Phoenix_06,2026-09-29 14:00:35.439,532.43,285.62,7.56,49.44
Player_Viper_02,2026-09-29 14:00:35.489,613.42,672.57,4.25,155.13
Player_Nova_05,2026-09-29 14:00:35.551,824.29,213.77,7.7,115.82
Player_Ghost_03,2026-09-29 14:00:35.680,541.54,328.75,7.97,333.15
Player_Titan_04,2026-09-29 14:00:35.693,418.73,242.42,9.01,162.49
Player_Shadow_08,2026-09-29 14:00:35.710,523.78,533.31,11.38,342.54
Player_Cipher_10,2026-09-29 14:00:35.775,510.59,345.2,4.32,99.05
Player_Apex_01,2026-09-29 14:00:35.805,335.48,280.9,7.76,173.92
Player_Phoenix_06,2026-09-29 14:00:35.989,535.48,289.63,8.4,52.72
Player_Viper_02,2026-09-29 14:00:36.128,610.15,673.87,5.86,158.32
Player_Nova_05,2026-09-29 14:00:36.159,822.86,216.72,5.46,115.74
Player_Titan_04,2026-09-29 14:00:36.225,412.98,244.26,10.05,162.26
Player_Ghost_03,2026-09-29 14:00:36.236,544.2,327.32,5.03,331.74
Player_Apex_01,2026-09-29 14:00:36.309,331.64,281.18,6.41,175.87
Player_Shadow_08,2026-09-29 14:00:36.316,527.2,531.7,6.3,334.78
Player_Cipher_10,2026-09-29 14:00:36.334,509.93,350.2,8.39,97.55
Player_Nova_05,2026-09-29 14:00:36.627,820.64,220.81,7.76,118.55
Player_Phoenix_06,2026-09-29 14:00:36.629,838.0,640.0,76.63,52.72
Player_Viper_02,2026-09-29 14:00:36.721,605.56,675.62,8.2,159.14
Player_Titan_04,2026-09-29 14:00:36.731,420.39,241.24,27.92,162.26
Player_Ghost_03,2026-09-29 14:00:36.823,547.82,325.52,6.74,333.56
Player_Cipher_10,2026-09-29 14:00:36.855,509.66,352.16,3.3,97.63
Player_Shadow_08,2026-09-29 14:00:36.877,532.84,528.48,10.81,330.24
Player_Apex_01,2026-09-29 14:00:36.941,326.68,281.5,8.29,176.29
Player_Phoenix_06,2026-09-29 14:00:37.113,839.42,645.3,9.16,74.94
Player_Nova_05,2026-09-29 14:00:37.252,818.24,224.78,7.73,121.14
Player_Titan_04,2026-09-29 14:00:37.316,417.76,242.1,4.61,161.98
Player_Cipher_10,2026-09-29 14:00:37.317,509.53,357.41,8.74,91.44
Player_Viper_02,2026-09-29 14:00:37.341,599.51,678.12,10.91,157.51
Player_Ghost_03,2026-09-29 14:00:37.454,550.78,324.31,5.33,337.8
Player_Apex_01,2026-09-29 14:00:37.503,324.17,281.39,4.19,182.59
Player_Shadow_08,2026-09-29 14:00:37.522,537.66,524.6,10.32,321.14
Player_Phoenix_06,2026-09-29 14:00:37.709,839.64,649.46,6.94,87.07
Player_Viper_02,2026-09-29 14:00:37.804,595.37,679.56,7.32,160.81
Player_Titan_04,2026-09-29 14:00:37.806,423.94,247.17,23.34,161.98
Player_Nova_05,2026-09-29 14:00:37.814,816.62,227.11,4.72,124.74
Player_Cipher_10,2026-09-29 14:00:37.821,509.51,361.96,7.58,90.24
Player_Apex_01,2026-09-29 14:00:37.969,321.65,281.42,4.2,179.3
Player_Ghost_03,2026-09-29 14:00:38.009,553.32,323.05,4.74,333.6
Player_Shadow_08,2026-09-29 14:00:38.134,539.14,522.96,3.69,312.03
Player_Phoenix_06,2026-09-29 14:00:38.222,839.09,654.35,8.21,96.41
Player_Nova_05,2026-09-29 14:00:38.304,813.89,231.32,8.36,122.96
Player_Cipher_10,2026-09-29 14:00:38.381,509.88,366.22,7.14,85.05
Player_Viper_02,2026-09-29 14:00:38.401,591.05,681.08,7.62,160.62
Player_Titan_04,2026-09-29 14:00:38.444,425.71,239.37,27.83,161.98
Player_Apex_01,2026-09-29 14:00:38.475,322.99,276.6,17.37,179.3
Player_Ghost_03,2026-09-29 14:00:38.521,555.84,321.84,4.66,334.37
Player_Shadow_08,2026-09-29 14:00:38.642,541.28,520.31,5.67,308.99
Player_Phoenix_06,2026-09-29 14:00:38.847,838.19,658.6,7.23,101.93
Player_Viper_02,2026-09-29 14:00:38.878,588.37,681.96,4.7,161.9
Player_Nova_05,2026-09-29 14:00:38.893,812.0,235.13,7.1,116.49
Player_Cipher_10,2026-09-29 14:00:38.908,510.8,370.88,7.92,78.84
Player_Titan_04,2026-09-29 14:00:38.993,418.11,240.83,12.9,169.09
Player_Apex_01,2026-09-29 14:00:39.009,318.04,276.41,8.26,182.21
Player_Ghost_03,2026-09-29 14:00:39.086,559.77,319.69,7.46,331.28
Player_Shadow_08,2026-09-29 14:00:39.211,545.51,514.77,11.62,307.36
Player_Viper_02,2026-09-29 14:00:39.399,581.92,683.71,11.14,164.82
Player_Phoenix_06,2026-09-29 14:00:39.405,836.48,663.06,7.96,111.02
Player_Titan_04,2026-09-29 14:00:39.488,412.74,241.19,8.97,176.24
Player_Apex_01,2026-09-29 14:00:39.513,310.92,276.5,11.86,179.28
Player_Nova_05,2026-09-29 14:00:39.529,810.92,237.66,4.59,112.96
Player_Cipher_10,2026-09-29 14:00:39.555,511.61,375.14,7.23,79.2
Player_Ghost_03,2026-09-29 14:00:39.584,564.45,317.07,8.94,330.79
Player_Shadow_08,2026-09-29 14:00:39.671,548.6,511.01,8.1,309.38
Player_Phoenix_06,2026-09-29 14:00:40.022,950.0,950.0,84.64,111.02
Player_Titan_04,2026-09-29 14:00:40.029,408.12,243.31,8.47,155.34
Player_Ghost_03,2026-09-29 14:00:40.044,568.55,314.93,7.7,332.41
Player_Viper_02,2026-09-29 14:00:40.045,577.79,685.02,7.22,162.4
Player_Cipher_10,2026-09-29 14:00:40.097,512.36,380.06,8.29,81.35
Player_Apex_01,2026-09-29 14:00:40.110,303.61,276.6,12.18,179.25
Player_Nova_05,2026-09-29 14:00:40.121,807.94,242.72,9.79,120.56
Player_Shadow_08,2026-09-29 14:00:40.238,552.64,506.05,10.66,309.23
Player_Viper_02,2026-09-29 14:00:40.501,573.11,686.72,8.3,159.97
Player_Phoenix_06,2026-09-29 14:00:40.509,940.0,940.0,4.04,136.13
Player_Cipher_10,2026-09-29 14:00:40.607,512.32,384.13,6.79,90.55
Player_Apex_01,2026-09-29 14:00:40.608,298.98,276.89,7.74,176.4
Player_Titan_04,2026-09-29 14:00:40.624,406.24,244.96,4.17,138.68
Player_Nova_05,2026-09-29 14:00:40.671,805.23,246.97,8.4,122.43
Player_Ghost_03,2026-09-29 14:00:40.679,570.06,314.21,2.79,334.42
Player_Shadow_08,2026-09-29 14:00:40.719,556.61,502.01,9.45,314.47
Player_Viper_02,2026-09-29 14:00:40.958,568.96,688.04,7.26,162.36
Player_Cipher_10,2026-09-29 14:00:41.084,512.1,387.18,5.08,94.18
Player_Phoenix_06,2026-09-29 14:00:41.134,933.89,940.0,10.85,159.79
Player_Apex_01,2026-09-29 14:00:41.163,294.9,277.22,6.83,175.36
Player_Titan_04,2026-09-29 14:00:41.200,404.87,247.29,4.5,120.53
Player_Shadow_08,2026-09-29 14:00:41.212,559.23,498.59,7.18,307.41
Player_Ghost_03,2026-09-29 14:00:41.214,571.97,313.41,3.46,337.24
Player_Nova_05,2026-09-29 14:00:41.312,804.16,249.24,4.17,115.29
Player_Viper_02,2026-09-29 14:00:41.494,565.89,688.89,5.31,164.53
Player_Phoenix_06,2026-09-29 14:00:41.612,928.59,939.84,8.83,181.71
Player_Titan_04,2026-09-29 14:00:41.664,403.37,251.61,7.64,109.14
Player_Cipher_10,2026-09-29 14:00:41.684,512.09,394.16,11.64,90.1
Player_Ghost_03,2026-09-29 14:00:41.712,577.75,310.59,10.72,334.05
Player_Apex_01,2026-09-29 14:00:41.778,289.98,277.48,8.21,177.03
Player_Shadow_08,2026-09-29 14:00:41.831,563.14,493.4,10.82,307.04
Player_Nova_05,2026-09-29 14:00:41.927,803.18,251.51,4.13,113.48
Player_Phoenix_06,2026-09-29 14:00:42.099,926.26,939.48,3.94,188.81
Player_Viper_02,2026-09-29 14:00:42.112,560.39,690.41,9.5,164.55
Player_Titan_04,2026-09-29 14:00:42.114,401.65,258.71,12.17,103.56
Player_Cipher_10,2026-09-29 14:00:42.183,512.18,396.93,4.61,88.17
Player_Apex_01,2026-09-29 14:00:42.255,285.3,277.7,7.81,177.27
Player_Ghost_03,2026-09-29 14:00:42.284,582.31,307.78,8.93,328.37
Player_Shadow_08,2026-09-29 14:00:42.415,567.34,488.31,10.99,309.52
Player_Nova_05,2026-09-29 14:00:42.534,802.14,253.82,4.22,114.3
Player_Viper_02,2026-09-29 14:00:42.569,556.44,691.82,7.0,160.39
Player_Titan_04,2026-09-29 14:00:42.651,400.72,266.17,12.53,97.16
Player_Phoenix_06,2026-09-29 14:00:42.726,921.93,938.28,7.48,195.45
Player_Cipher_10,2026-09-29 14:00:42.772,511.86,402.01,8.48,93.6
Player_Apex_01,2026-09-29 14:00:42.813,278.63,278.58,11.21,172.49
Player_Ghost_03,2026-09-29 14:00:42.835,586.48,305.08,8.28,327.01
Player_Shadow_08,2026-09-29 14:00:42.928,572.77,483.29,12.33,317.19
Player_Nova_05,2026-09-29 14:00:43.129,799.84,260.65,12.02,108.58
Player_Viper_02,2026-09-29 14:00:43.135,551.49,694.26,9.2,153.75
Player_Titan_04,2026-09-29 14:00:43.183,394.41,261.25,27.17,97.16
Player_Phoenix_06,2026-09-29 14:00:43.260,919.97,937.35,3.63,205.54
Player_Apex_01,2026-09-29 14:00:43.282,274.25,279.13,7.36,172.82
Player_Ghost_03,2026-09-29 14:00:43.382,590.72,302.38,8.38,327.48
Player_Shadow_08,2026-09-29 14:00:43.384,574.98,481.16,5.12,316.07
Player_Cipher_10,2026-09-29 14:00:43.416,511.67,404.55,4.24,94.15
Player_Nova_05,2026-09-29 14:00:43.719,798.36,265.34,8.19,107.5
Player_Apex_01,2026-09-29 14:00:43.744,271.42,279.44,4.74,173.82
Player_Viper_02,2026-09-29 14:00:43.783,545.14,696.92,11.46,157.3
Player_Titan_04,2026-09-29 14:00:43.831,401.97,258.61,27.61,97.16
Player_Phoenix_06,2026-09-29 14:00:43.843,916.24,935.17,7.2,210.23
Player_Cipher_10,2026-09-29 14:00:43.915,511.96,411.35,11.35,87.58
Player_Ghost_03,2026-09-29 14:00:43.924,592.62,301.2,3.73,328.26
Player_Shadow_08,2026-09-29 14:00:43.929,579.96,476.73,11.11,318.35
Player_Nova_05,2026-09-29 14:00:44.186,796.33,269.2,7.26,117.72
Player_Apex_01,2026-09-29 14:00:44.217,268.66,279.35,4.6,181.81
Player_Viper_02,2026-09-29 14:00:44.272,541.17,698.47,7.1,158.66
Player_Phoenix_06,2026-09-29 14:00:44.329,912.42,932.21,8.06,217.81
Player_Titan_04,2026-09-29 14:00:44.376,402.13,263.31,7.85,88.06
Player_Shadow_08,2026-09-29 14:00:44.418,983.08,20.71,26.59,318.35
Player_Ghost_03,2026-09-29 14:00:44.558,598.53,298.06,11.15,332.08
Player_Cipher_10,2026-09-29 14:00:44.559,511.73,417.61,10.43,92.08
Player_Nova_05,2026-09-29 14:00:44.720,795.47,271.65,4.33,109.28
Player_Apex_01,2026-09-29 14:00:44.791,261.8,279.1,11.45,182.07
Player_Viper_02,2026-09-29 14:00:44.791,536.43,699.54,8.1,167.26
Player_Titan_04,2026-09-29 14:00:44.912,402.38,265.33,3.38,82.7
Player_Phoenix_06,2026-09-29 14:00:44.948,910.31,930.42,4.61,220.34
Player_Shadow_08,2026-09-29 14:00:45.027,940.0,60.0,8.06,340.5
Player_Cipher_10,2026-09-29 14:00:45.102,512.03,424.55,11.59,87.52
Player_Ghost_03,2026-09-29 14:00:45.102,604.1,294.31,11.2,325.99
Player_Nova_05,2026-09-29 14:00:45.242,792.99,276.82,9.57,115.67
Player_Apex_01,2026-09-29 14:00:45.283,257.03,279.56,7.98,174.53
Player_Viper_02,2026-09-29 14:00:45.347,533.57,700.28,4.94,165.51
Player_Phoenix_06,2026-09-29 14:00:45.449,908.4,928.65,4.34,222.9
Player_Titan_04,2026-09-29 14:00:45.473,403.13,270.01,7.9,80.89
Player_Cipher_10,2026-09-29 14:00:45.569,512.68,431.09,10.95,84.36
Player_Shadow_08,2026-09-29 14:00:45.664,940.0,60.41,4.58,8.51
Player_Ghost_03,2026-09-29 14:00:45.741,610.52,290.91,12.1,332.14
Player_Nova_05,2026-09-29 14:00:45.807,791.07,281.48,8.4,112.32
Player_Viper_02,2026-09-29 14:00:45.907,528.81,701.51,8.18,165.49
Player_Apex_01,2026-09-29 14:00:45.933,251.55,281.96,9.97,156.26
Player_Titan_04,2026-09-29 14:00:45.967,403.75,277.15,11.94,85.11
Player_Cipher_10,2026-09-29 14:00:46.024,513.35,437.38,10.54,83.97
Player_Phoenix_06,2026-09-29 14:00:46.066,905.1,924.32,9.07,232.63
Player_Shadow_08,2026-09-29 14:00:46.126,940.0,62.48,7.36,27.99
Player_Nova_05,2026-09-29 14:00:46.296,789.26,285.87,7.92,112.49
Player_Ghost_03,2026-09-29 14:00:46.339,612.76,289.64,4.29,330.27
Player_Viper_02,2026-09-29 14:00:46.491,524.06,703.15,8.38,161.0
Player_Cipher_10,2026-09-29 14:00:46.548,514.08,442.46,8.56,81.77
Player_Apex_01,2026-09-29 14:00:46.570,247.68,285.04,8.24,141.56
Player_Titan_04,2026-09-29 14:00:46.574,404.8,282.74,9.48,79.37
Player_Phoenix_06,2026-09-29 14:00:46.685,900.4,918.8,12.08,229.56
Player_Shadow_08,2026-09-29 14:00:46.766,7.31,29.13,20.41,27.99
Player_Ghost_03,2026-09-29 14:00:46.847,617.72,286.65,9.66,328.95
Player_Nova_05,2026-09-29 14:00:46.855,787.01,289.27,6.8,123.52
Player_Apex_01,2026-09-29 14:00:47.059,246.19,286.76,3.8,131.0
Player_Titan_04,2026-09-29 14:00:47.068,405.42,287.78,8.47,82.9
Player_Viper_02,2026-09-29 14:00:47.094,459.34,709.54,43.36,161.0
Player_Phoenix_06,2026-09-29 14:00:47.139,897.94,915.34,7.08,234.71
Player_Cipher_10,2026-09-29 14:00:47.175,514.85,446.42,6.72,78.98
Player_Shadow_08,2026-09-29 14:00:47.315,60.0,60.0,7.94,22.78
Player_Ghost_03,2026-09-29 14:00:47.464,622.08,284.18,8.34,330.44
Player_Nova_05,2026-09-29 14:00:47.487,783.1,295.2,11.83,123.42
Player_Titan_04,2026-09-29 14:00:47.563,406.5,294.19,10.83,80.48
Player_Phoenix_06,2026-09-29 14:00:47.686,894.01,908.9,12.58,238.61
Player_Apex_01,2026-09-29 14:00:47.697,244.39,289.13,4.95,127.17
Player_Viper_02,2026-09-29 14:00:47.740,454.05,710.84,9.08,166.23
Player_Cipher_10,2026-09-29 14:00:47.761,515.4,449.34,4.94,79.3
Player_Shadow_08,2026-09-29 14:00:47.932,470.22,490.75,70.33,22.78
Player_Nova_05,2026-09-29 14:00:47.971,780.23,299.1,8.08,126.24
Player_Ghost_03,2026-09-29 14:00:48.039,626.49,282.01,8.19,333.81
Player_Titan_04,2026-09-29 14:00:48.113,407.59,299.4,8.87,78.13
Player_Viper_02,2026-09-29 14:00:48.191,451.58,711.31,4.19,169.1
Player_Phoenix_06,2026-09-29 14:00:48.260,892.65,906.96,3.95,234.75
Player_Apex_01,2026-09-29 14:00:48.296,242.01,292.78,7.27,123.04
Player_Cipher_10,2026-09-29 14:00:48.403,516.11,453.86,7.63,81.07
Player_Shadow_08,2026-09-29 14:00:48.406,474.24,491.71,6.89,13.51
Player_Ghost_03,2026-09-29 14:00:48.532,628.8,280.77,4.38,331.81
Player_Nova_05,2026-09-29 14:00:48.535,777.54,302.85,7.69,125.62
Player_Titan_04,2026-09-29 14:00:48.609,408.35,306.91,12.58,84.27
Player_Apex_01,2026-09-29 14:00:48.760,240.85,294.65,3.66,122.03
Player_Viper_02,2026-09-29 14:00:48.777,445.06,713.41,11.41,162.19
Player_Phoenix_06,2026-09-29 14:00:48.838,890.13,902.72,8.22,239.36
Player_Shadow_08,2026-09-29 14:00:48.955,479.75,491.84,9.19,1.33
Player_Cipher_10,2026-09-29 14:00:49.008,516.35,455.91,3.45,83.28
Player_Nova_05,2026-09-29 14:00:49.029,774.89,306.65,7.73,125.01
Player_Titan_04,2026-09-29 14:00:49.115,409.05,311.11,7.1,80.53
Player_Ghost_03,2026-09-29 14:00:49.121,632.99,278.45,7.97,330.96
Player_Phoenix_06,2026-09-29 14:00:49.298,887.74,898.37,8.27,241.18
Player_Viper_02,2026-09-29 14:00:49.317,359.38,766.0,67.02,162.19
Player_Apex_01,2026-09-29 14:00:49.362,238.06,299.79,9.75,118.4
Player_Cipher_10,2026-09-29 14:00:49.513,518.85,460.23,8.31,60.01
Player_Nova_05,2026-09-29 14:00:49.514,772.18,310.4,7.7,125.77
Player_Echo_09,2026-09-29 14:00:49.556,244.82,261.62,8.12,80.64
Player_Shadow_08,2026-09-29 14:00:49.598,482.31,491.76,4.26,358.27
Player_Titan_04,2026-09-29 14:00:49.649,410.13,317.17,10.26,79.92
Player_Ghost_03,2026-09-29 14:00:49.735,639.16,275.31,11.54,333.11
Player_Viper_02,2026-09-29 14:00:49.771,354.34,767.7,8.88,161.37
Player_Phoenix_06,2026-09-29 14:00:49.848,885.2,895.07,6.94,232.41
Player_Apex_01,2026-09-29 14:00:49.957,236.51,304.04,7.55,110.11
Player_Echo_09,2026-09-29 14:00:50.101,247.05,265.8,7.9,61.94
Player_Nova_05,2026-09-29 14:00:50.124,770.62,312.59,4.48,125.47
Player_Titan_04,2026-09-29 14:00:50.141,411.3,323.91,11.4,80.09
Player_Cipher_10,2026-09-29 14:00:50.144,524.95,464.28,12.2,33.58
Player_Ghost_03,2026-09-29 14:00:50.204,643.46,273.28,7.94,334.72
Player_Shadow_08,2026-09-29 14:00:50.209,487.3,490.86,8.46,349.7
Player_Viper_02,2026-09-29 14:00:50.330,349.34,770.07,9.22,154.62
Player_Phoenix_06,2026-09-29 14:00:50.458,880.26,889.57,12.32,228.05
Player_Apex_01,2026-09-29 14:00:50.514,235.12,308.39,7.6,107.68
Player_Cipher_10,2026-09-29 14:00:50.669,528.0,464.83,5.18,10.23
Player_Nova_05,2026-09-29 14:00:50.703,767.69,316.36,7.96,127.86
Player_Echo_09,2026-09-29 14:00:50.739,242.77,268.4,18.04,61.94
Player_Ghost_03,2026-09-29 14:00:50.759,645.24,272.4,3.3,333.6
Player_Titan_04,2026-09-29 14:00:50.762,412.18,327.85,6.72,77.43
Player_Shadow_08,2026-09-29 14:00:50.777,491.82,489.4,7.92,342.15
Player_Viper_02,2026-09-29 14:00:50.809,347.03,771.15,4.24,154.95
Player_Phoenix_06,2026-09-29 14:00:50.978,875.0,885.13,11.47,220.18
Player_Apex_01,2026-09-29 14:00:51.030,234.65,311.07,4.54,100.07
Player_Cipher_10,2026-09-29 14:00:51.130,532.64,464.6,7.73,357.12
Player_Ghost_03,2026-09-29 14:00:51.247,647.09,277.05,18.24,333.6
Player_Titan_04,2026-09-29 14:00:51.279,413.06,332.31,7.57,78.87
Player_Nova_05,2026-09-29 14:00:51.349,765.03,321.07,9.01,119.48
Player_Shadow_08,2026-09-29 14:00:51.353,493.47,488.71,2.98,337.27
Player_Echo_09,2026-09-29 14:00:51.364,246.22,271.63,7.87,43.15
Player_Viper_02,2026-09-29 14:00:51.417,343.49,773.02,6.68,152.22
Player_Phoenix_06,2026-09-29 14:00:51.435,872.49,883.71,4.81,209.63
Player_Apex_01,2026-09-29 14:00:51.581,234.12,316.07,8.38,96.06
Player_Cipher_10,2026-09-29 14:00:51.651,537.25,463.5,7.91,346.58
Player_Titan_04,2026-09-29 14:00:51.756,414.0,335.6,5.7,74.05
Player_Ghost_03,2026-09-29 14:00:51.867,651.6,274.98,8.28,335.4
Player_Echo_09,2026-09-29 14:00:51.890,248.71,277.45,10.56,66.85
Player_Shadow_08,2026-09-29 14:00:51.922,497.86,486.61,8.1,334.46
Player_Nova_05,2026-09-29 14:00:51.938,763.05,325.09,7.48,116.23
Player_Phoenix_06,2026-09-29 14:00:51.972,870.15,882.41,4.46,209.06
Player_Viper_02,2026-09-29 14:00:51.978,339.05,774.94,8.06,156.62
Player_Apex_01,2026-09-29 14:00:52.223,236.96,323.06,12.58,67.84
Player_Cipher_10,2026-09-29 14:00:52.265,539.47,462.82,3.85,342.94
Player_Titan_04,2026-09-29 14:00:52.313,415.51,341.04,9.42,74.43
Player_Ghost_03,2026-09-29 14:00:52.321,653.59,279.57,16.07,335.4
Player_Echo_09,2026-09-29 14:00:52.379,250.22,282.27,8.42,72.58
Player_Shadow_08,2026-09-29 14:00:52.410,502.82,483.65,9.64,329.14
Player_Nova_05,2026-09-29 14:00:52.426,760.75,330.04,9.1,114.89
Player_Phoenix_06,2026-09-29 14:00:52.519,864.33,878.97,11.27,210.55
Player_Viper_02,2026-09-29 14:00:52.562,241.95,802.79,67.34,156.62
Player_Apex_01,2026-09-29 14:00:52.698,240.34,326.26,7.74,43.42
Player_Cipher_10,2026-09-29 14:00:52.744,539.31,467.82,19.8,342.94
Player_Ghost_03,2026-09-29 14:00:52.841,656.72,278.22,5.68,336.69
Player_Titan_04,2026-09-29 14:00:52.859,416.61,347.66,11.18,80.64
Player_Shadow_08,2026-09-29 14:00:52.923,504.88,482.13,4.26,323.53
Player_Echo_09,2026-09-29 14:00:52.983,251.02,287.08,8.13,80.57
Player_Nova_05,2026-09-29 14:00:53.063,758.75,336.02,10.51,108.5
Player_Viper_02,2026-09-29 14:00:53.068,238.29,804.8,6.96,151.16
Player_Phoenix_06,2026-09-29 14:00:53.144,862.3,877.82,3.89,209.65
Player_Apex_01,2026-09-29 14:00:53.237,243.97,328.39,7.02,30.47
Player_Cipher_10,2026-09-29 14:00:53.277,544.03,465.42,8.83,333.13
Player_Shadow_08,2026-09-29 14:00:53.392,508.63,479.84,7.33,328.64
Player_Titan_04,2026-09-29 14:00:53.456,417.23,350.46,4.78,77.35
Player_Ghost_03,2026-09-29 14:00:53.469,663.21,276.04,11.4,341.44
Player_Echo_09,2026-09-29 14:00:53.530,251.68,291.75,7.85,81.99
Player_Nova_05,2026-09-29 14:00:53.536,756.68,340.47,8.18,114.92
Player_Viper_02,2026-09-29 14:00:53.547,233.42,807.57,9.34,150.41
Player_Phoenix_06,2026-09-29 14:00:53.673,858.1,875.68,7.86,206.9
Player_Apex_01,2026-09-29 14:00:53.727,249.11,330.11,9.05,18.51
Player_Cipher_10,2026-09-29 14:00:53.911,548.38,462.52,8.72,326.29
Player_Titan_04,2026-09-29 14:00:53.924,416.47,355.34,8.24,98.86
Player_Ghost_03,2026-09-29 14:00:53.946,665.41,275.3,3.88,341.45
Player_Shadow_08,2026-09-29 14:00:53.947,809.61,76.11,48.6,328.64
Player_Echo_09,2026-09-29 14:00:54.028,253.01,298.6,11.62,78.95
Player_Viper_02,2026-09-29 14:00:54.086,227.98,810.69,10.45,150.16
Player_Nova_05,2026-09-29 14:00:54.143,755.46,343.0,4.67,115.86
Player_Phoenix_06,2026-09-29 14:00:54.175,853.93,873.68,7.7,205.69
Player_Apex_01,2026-09-29 14:00:54.344,253.99,330.36,8.15,2.93
Player_Cipher_10,2026-09-29 14:00:54.375,550.94,462.4,4.26,357.24
Player_Titan_04,2026-09-29 14:00:54.400,410.6,349.91,19.61,98.86
Player_Shadow_08,2026-09-29 14:00:54.515,803.13,80.8,22.16,328.64
Player_Ghost_03,2026-09-29 14:00:54.554,669.44,273.81,7.16,339.69
Player_Viper_02,2026-09-29 14:00:54.596,225.73,811.99,4.34,150.07
Player_Nova_05,2026-09-29 14:00:54.633,753.02,347.48,8.52,118.58
Player_Echo_09,2026-09-29 14:00:54.641,253.04,300.77,3.62,89.36
Player_Phoenix_06,2026-09-29 14:00:54.676,849.17,871.61,8.66,203.51
Player_Titan_04,2026-09-29 14:00:54.869,408.73,352.44,5.24,126.54
Player_Cipher_10,2026-09-29 14:00:54.896,554.8,464.16,7.08,24.62
Player_Apex_01,2026-09-29 14:00:54.963,259.17,330.15,8.63,357.66
Player_Viper_02,2026-09-29 14:00:55.085,223.63,813.66,4.47,141.45
Player_Ghost_03,2026-09-29 14:00:55.105,674.58,271.3,9.53,333.98
Player_Nova_05,2026-09-29 14:00:55.120,750.54,351.65,8.07,120.74
Player_Shadow_08,2026-09-29 14:00:55.145,807.76,79.86,7.88,348.53
Player_Echo_09,2026-09-29 14:00:55.232,253.03,305.72,8.26,90.12
Player_Phoenix_06,2026-09-29 14:00:55.260,843.35,869.4,10.38,200.78
Player_Apex_01,2026-09-29 14:00:55.440,263.25,329.31,6.94,348.36
Player_Titan_04,2026-09-29 14:00:55.471,404.88,355.15,7.84,144.8
Player_Cipher_10,2026-09-29 14:00:55.545,557.79,468.04,8.16,52.27
Player_Ghost_03,2026-09-29 14:00:55.617,678.87,268.93,8.17,331.15
Player_Nova_05,2026-09-29 14:00:55.626,748.2,355.75,7.88,119.73
Player_Echo_09,2026-09-29 14:00:55.688,252.19,312.38,11.19,97.16
Player_Viper_02,2026-09-29 14:00:55.732,219.49,816.7,8.56,143.71
Player_Shadow_08,2026-09-29 14:00:55.766,812.6,80.63,8.17,9.07
Player_Phoenix_06,2026-09-29 14:00:55.907,836.65,866.07,12.47,206.38
Player_Apex_01,2026-09-29 14:00:55.943,268.07,328.24,8.24,347.5
Player_Titan_04,2026-09-29 14:00:56.031,398.89,357.81,10.92,156.06
Player_Ghost_03,2026-09-29 14:00:56.087,683.35,266.62,8.4,332.71
Player_Nova_05,2026-09-29 14:00:56.135,744.62,362.2,12.29,118.98
Player_Cipher_10,2026-09-29 14:00:56.171,559.1,474.54,11.05,78.62
Player_Echo_09,2026-09-29 14:00:56.210,251.81,316.22,6.42,95.64
Player_Shadow_08,2026-09-29 14:00:56.263,818.96,82.66,11.13,17.7
Player_Viper_02,2026-09-29 14:00:56.330,214.74,819.13,8.9,152.86
Player_Phoenix_06,2026-09-29 14:00:56.438,549.82,470.66,76.32,206.38
Player_Apex_01,2026-09-29 14:00:56.460,274.9,326.52,11.74,345.85
Player_Titan_04,2026-09-29 14:00:56.521,406.03,354.19,19.9,156.06
Player_Ghost_03,2026-09-29 14:00:56.560,687.71,264.24,8.29,331.31
Player_Nova_05,2026-09-29 14:00:56.677,741.69,367.05,9.44,121.17
Player_Echo_09,2026-09-29 14:00:56.776,251.38,319.63,5.73,97.29
Player_Shadow_08,2026-09-29 14:00:56.779,823.19,84.86,7.94,27.46
Player_Cipher_10,2026-09-29 14:00:56.783,558.9,479.57,8.4,92.32
Player_Apex_01,2026-09-29 14:00:56.923,279.55,324.94,8.19,341.29
Player_Viper_02,2026-09-29 14:00:56.942,209.04,822.12,10.73,152.33
Player_Phoenix_06,2026-09-29 14:00:56.993,544.7,470.94,8.55,176.86
Player_Nova_05,2026-09-29 14:00:57.137,739.02,371.15,8.16,123.03
Player_Titan_04,2026-09-29 14:00:57.149,401.19,355.33,8.29,166.69
Player_Ghost_03,2026-09-29 14:00:57.173,689.0,269.07,16.5,331.31
Player_Shadow_08,2026-09-29 14:00:57.230,826.36,88.72,8.33,50.63
Player_Cipher_10,2026-09-29 14:00:57.316,557.46,486.19,11.28,102.24
Player_Echo_09,2026-09-29 14:00:57.331,250.95,322.28,4.49,99.14
Player_Apex_01,2026-09-29 14:00:57.373,285.8,322.82,11.0,341.25
Player_Viper_02,2026-09-29 14:00:57.472,204.45,823.62,8.05,161.93
Player_Phoenix_06,2026-09-29 14:00:57.606,540.24,473.05,8.21,154.61
Player_Nova_05,2026-09-29 14:00:57.720,736.57,375.06,7.69,122.06
Player_Titan_04,2026-09-29 14:00:57.768,398.78,355.38,4.02,178.86
Player_Ghost_03,2026-09-29 14:00:57.788,695.36,266.47,11.46,337.77
Player_Shadow_08,2026-09-29 14:00:57.857,828.98,93.34,8.85,60.39
Player_Apex_01,2026-09-29 14:00:57.864,290.7,321.67,8.38,346.69
Player_Echo_09,2026-09-29 14:00:57.888,249.67,329.06,11.49,100.69
Player_Cipher_10,2026-09-29 14:00:57.958,554.9,490.35,8.15,121.59
Player_Viper_02,2026-09-29 14:00:57.999,199.95,825.25,7.98,160.04
Player_Phoenix_06,2026-09-29 14:00:58.083,535.56,473.0,7.81,180.64
Player_Ghost_03,2026-09-29 14:00:58.262,698.15,265.16,5.13,334.79
Player_Apex_01,2026-09-29 14:00:58.316,295.5,319.92,8.53,340.02
Player_Nova_05,2026-09-29 14:00:58.318,733.54,379.35,8.76,125.32
Player_Titan_04,2026-09-29 14:00:58.364,396.21,354.93,4.34,190.08
Player_Echo_09,2026-09-29 14:00:58.390,248.96,334.21,8.66,97.88
Player_Viper_02,2026-09-29 14:00:58.467,197.48,826.2,4.41,159.13
Player_Shadow_08,2026-09-29 14:00:58.492,830.93,100.56,12.47,74.89
Player_Cipher_10,2026-09-29 14:00:58.519,552.53,492.3,5.12,140.52
Player_Phoenix_06,2026-09-29 14:00:58.688,533.3,472.05,4.09,202.89
Player_Apex_01,2026-09-29 14:00:58.804,300.23,317.79,8.63,335.75
Player_Titan_04,2026-09-29 14:00:58.814,391.89,353.91,7.4,193.25
Player_Nova_05,2026-09-29 14:00:58.861,732.07,381.79,4.74,121.11
Player_Ghost_03,2026-09-29 14:00:58.889,701.0,263.87,5.21,335.67
Player_Viper_02,2026-09-29 14:00:58.990,98.41,844.04,67.11,159.13
Player_Cipher_10,2026-09-29 14:00:59.015,550.28,493.82,4.52,146.02
Player_Echo_09,2026-09-29 14:00:59.021,248.17,338.95,8.01,99.42
Player_Shadow_08,2026-09-29 14:00:59.034,831.25,105.88,8.88,86.54
Player_Apex_01,2026-09-29 14:00:59.291,304.37,316.29,7.34,340.02
Player_Phoenix_06,2026-09-29 14:00:59.313,145.67,748.86,79.31,202.89
Player_Ghost_03,2026-09-29 14:00:59.358,704.84,262.05,7.09,334.64
Player_Nova_05,2026-09-29 14:00:59.375,730.17,385.47,6.9,117.25
Player_Titan_04,2026-09-29 14:00:59.417,388.9,353.53,5.03,187.27
Player_Spectre_07,2026-09-29 14:00:59.460,540.52,494.42,7.71,227.56
Player_Echo_09,2026-09-29 14:00:59.550,247.57,344.34,9.04,96.37
Player_Shadow_08,2026-09-29 14:00:59.561,823.91,102.7,26.16,86.54
Player_Viper_02,2026-09-29 14:00:59.597,95.36,847.4,7.56,132.12
Player_Cipher_10,2026-09-29 14:00:59.610,546.7,495.68,6.73,152.6
Player_Apex_01,2026-09-29 14:00:59.751,307.08,315.43,4.75,342.51
Player_Nova_05,2026-09-29 14:00:59.915,727.92,390.17,8.69,115.57
Player_Phoenix_06,2026-09-29 14:00:59.929,142.54,745.77,7.33,224.69
Player_Ghost_03,2026-09-29 14:00:59.976,708.76,260.4,7.08,337.28
Player_Spectre_07,2026-09-29 14:01:00.006,538.28,493.64,3.95,199.12
Player_Titan_04,2026-09-29 14:01:00.030,382.31,351.9,11.3,193.91
Player_Cipher_10,2026-09-29 14:01:00.065,540.66,498.51,11.11,154.83
Player_Echo_09,2026-09-29 14:01:00.070,246.8,348.81,7.56,99.83
Player_Shadow_08,2026-09-29 14:01:00.189,823.62,105.87,5.31,95.24
Player_Apex_01,2026-09-29 14:01:00.227,314.48,313.29,12.83,343.87
Player_Viper_02,2026-09-29 14:01:00.236,93.41,853.78,11.12,107.01
Player_Phoenix_06,2026-09-29 14:01:00.414,140.89,741.63,7.43,248.25
Player_Spectre_07,2026-09-29 14:01:00.457,533.68,492.9,7.78,189.18
Player_Ghost_03,2026-09-29 14:01:00.479,712.77,258.5,7.4,334.52
Player_Nova_05,2026-09-29 14:01:00.519,723.09,388.9,18.64,115.57
Player_Titan_04,2026-09-29 14:01:00.558,375.5,349.86,11.86,196.64
Player_Echo_09,2026-09-29 14:01:00.622,245.72,353.24,7.6,103.61
Player_Cipher_10,2026-09-29 14:01:00.690,538.23,499.73,4.53,153.47
Player_Shadow_08,2026-09-29 14:01:00.805,824.83,97.96,26.58,95.24
Player_Apex_01,2026-09-29 14:01:00.835,316.77,312.5,4.05,341.07
Player_Viper_02,2026-09-29 14:01:00.852,94.29,858.55,8.09,79.51
Player_Phoenix_06,2026-09-29 14:01:00.867,140.81,738.39,5.39,268.62
Player_Spectre_07,2026-09-29 14:01:00.979,529.03,493.28,7.76,175.29
Player_Ghost_03,2026-09-29 14:01:01.030,717.1,256.1,8.26,331.08
Player_Titan_04,2026-09-29 14:01:01.075,377.5,357.61,21.71,196.64
Player_Nova_05,2026-09-29 14:01:01.100,721.66,391.4,4.81,119.68
Player_Cipher_10,2026-09-29 14:01:01.202,533.65,503.89,10.33,137.74
Player_Echo_09,2026-09-29 14:01:01.217,244.94,357.61,7.39,100.2
Player_Viper_02,2026-09-29 14:01:01.317,98.44,864.84,12.55,56.56
Player_Apex_01,2026-09-29 14:01:01.326,322.8,309.91,10.93,336.7
Player_Shadow_08,2026-09-29 14:01:01.392,823.84,102.61,7.92,101.94
Player_Phoenix_06,2026-09-29 14:01:01.488,141.27,735.65,4.64,279.51
Player_Spectre_07,2026-09-29 14:01:01.606,523.5,494.03,9.3,172.32
Player_Titan_04,2026-09-29 14:01:01.622,373.08,356.54,7.58,193.57
Player_Ghost_03,2026-09-29 14:01:01.625,723.22,252.54,11.8,329.78
Player_Nova_05,2026-09-29 14:01:01.642,718.98,395.68,8.41,121.97
Player_Cipher_10,2026-09-29 14:01:01.677,530.48,507.95,8.57,127.98
Player_Apex_01,2026-09-29 14:01:01.782,327.34,307.91,8.27,336.26
Player_Echo_09,2026-09-29 14:01:01.855,244.42,364.69,11.83,94.18
Player_Viper_02,2026-09-29 14:01:01.949,101.15,866.34,5.15,29.13
Player_Shadow_08,2026-09-29 14:01:01.963,820.99,109.3,12.12,113.11
Player_Phoenix_06,2026-09-29 14:01:02.050,143.12,730.97,8.38,291.49
Player_Cipher_10,2026-09-29 14:01:02.130,529.19,510.19,4.31,119.87
Player_Ghost_03,2026-09-29 14:01:02.159,727.7,250.28,8.36,333.24
Player_Spectre_07,2026-09-29 14:01:02.171,518.84,494.76,7.87,171.1
Player_Titan_04,2026-09-29 14:01:02.191,369.12,355.13,7.0,199.6
Player_Nova_05,2026-09-29 14:01:02.198,716.56,400.07,8.35,118.89
Player_Apex_01,2026-09-29 14:01:02.337,334.02,305.1,12.08,337.17
Player_Echo_09,2026-09-29 14:01:02.393,244.46,368.9,7.02,89.48
Player_Viper_02,2026-09-29 14:01:02.580,104.68,867.74,6.34,21.58
Player_Cipher_10,2026-09-29 14:01:02.583,527.95,512.86,4.91,115.0
Player_Shadow_08,2026-09-29 14:01:02.602,819.18,113.08,6.98,115.55
Player_Phoenix_06,2026-09-29 14:01:02.617,145.62,726.46,8.59,299.03
Player_Spectre_07,2026-09-29 14:01:02.630,514.94,495.92,6.79,163.38
Player_Titan_04,2026-09-29 14:01:02.679,367.08,354.29,3.69,202.41
Player_Nova_05,2026-09-29 14:01:02.770,713.86,404.46,8.6,121.63
Player_Ghost_03,2026-09-29 14:01:02.785,733.98,246.54,12.17,329.24
Player_Apex_01,2026-09-29 14:01:02.855,339.08,302.94,9.16,336.92
Player_Echo_09,2026-09-29 14:01:02.999,244.86,373.64,7.93,85.12
Player_Viper_02,2026-09-29 14:01:03.070,109.24,868.52,7.7,9.64
Player_Cipher_10,2026-09-29 14:01:03.096,525.68,519.0,10.92,110.29
Player_Spectre_07,2026-09-29 14:01:03.102,510.91,497.25,7.07,161.67
Player_Shadow_08,2026-09-29 14:01:03.167,817.43,117.7,8.23,110.85
Player_Titan_04,2026-09-29 14:01:03.217,362.75,352.26,7.97,205.14
Player_Phoenix_06,2026-09-29 14:01:03.222,148.1,723.06,7.01,306.14
Player_Ghost_03,2026-09-29 14:01:03.248,735.96,245.45,3.76,331.15
Player_Apex_01,2026-09-29 14:01:03.314,346.41,299.64,13.4,335.74
Player_Nova_05,2026-09-29 14:01:03.325,710.91,408.67,8.57,125.04
Player_Echo_09,2026-09-29 14:01:03.494,244.97,378.28,7.74,88.63
Player_Spectre_07,2026-09-29 14:01:03.553,505.03,499.88,10.73,155.92
Player_Cipher_10,2026-09-29 14:01:03.699,523.57,526.1,12.34,106.52
Player_Shadow_08,2026-09-29 14:01:03.717,786.5,168.59,39.7,110.85
Player_Viper_02,2026-09-29 14:01:03.718,113.66,868.22,7.38,356.2
Player_Titan_04,2026-09-29 14:01:03.725,355.8,349.74,12.32,199.91
Player_Nova_05,2026-09-29 14:01:03.816,706.73,414.72,12.25,124.64
Player_Phoenix_06,2026-09-29 14:01:03.828,151.65,719.23,8.71,312.84
Player_Ghost_03,2026-09-29 14:01:03.852,740.43,242.92,8.56,330.47
Player_Apex_01,2026-09-29 14:01:03.881,352.47,297.19,10.9,337.98
Player_Spectre_07,2026-09-29 14:01:04.027,499.44,503.28,10.91,148.73
Player_Echo_09,2026-09-29 14:01:04.112,245.11,382.52,7.06,88.17
Player_Cipher_10,2026-09-29 14:01:04.176,522.15,533.75,12.97,100.52
Player_Shadow_08,2026-09-29 14:01:04.277,784.8,172.76,7.51,112.21
Player_Titan_04,2026-09-29 14:01:04.282,349.61,347.59,10.93,199.16
Player_Nova_05,2026-09-29 14:01:04.303,705.43,416.72,3.97,122.99
Player_Viper_02,2026-09-29 14:01:04.333,119.14,866.92,9.4,346.6
Player_Apex_01,2026-09-29 14:01:04.388,356.98,294.96,8.39,333.7
Player_Phoenix_06,2026-09-29 14:01:04.442,154.89,715.66,8.03,312.16
Player_Ghost_03,2026-09-29 14:01:04.500,744.99,239.93,9.1,326.74
Player_Echo_09,2026-09-29 14:01:04.573,244.86,387.05,7.56,93.13
Player_Spectre_07,2026-09-29 14:01:04.606,495.8,506.0,7.57,143.23
Player_Cipher_10,2026-09-29 14:01:04.647,521.63,538.54,8.03,96.19
Player_Apex_01,2026-09-29 14:01:04.855,361.59,292.66,8.57,333.47
Player_Nova_05,2026-09-29 14:01:04.856,704.17,418.8,4.05,121.26
Player_Titan_04,2026-09-29 14:01:04.878,346.72,346.42,5.19,201.96
Player_Shadow_08,2026-09-29 14:01:04.879,783.51,175.77,5.45,113.22
Player_Viper_02,2026-09-29 14:01:04.881,126.45,865.56,12.39,349.49
Player_Phoenix_06,2026-09-29 14:01:05.007,159.84,710.99,11.35,316.73
Player_Ghost_03,2026-09-29 14:01:05.065,750.64,235.88,11.59,324.39
Player_Spectre_07,2026-09-29 14:01:05.126,493.52,507.96,5.0,139.29
Player_Echo_09,2026-09-29 14:01:05.183,244.6,389.41,3.97,96.35
Player_Cipher_10,2026-09-29 14:01:05.210,521.43,543.44,8.18,92.39
Player_Apex_01,2026-09-29 14:01:05.407,365.93,290.71,7.94,335.77
Player_Shadow_08,2026-09-29 14:01:05.431,781.65,179.59,7.09,115.92
Player_Viper_02,2026-09-29 14:01:05.485,130.66,864.89,7.1,350.89
Player_Nova_05,2026-09-29 14:01:05.490,700.94,424.83,11.4,118.17
Player_Titan_04,2026-09-29 14:01:05.510,347.28,354.4,26.0,201.96
Player_Phoenix_06,2026-09-29 14:01:05.519,164.49,707.3,9.89,321.52
Player_Ghost_03,2026-09-29 14:01:05.625,754.46,232.95,8.01,322.47
Player_Spectre_07,2026-09-29 14:01:05.697,488.63,512.95,11.65,134.38
Player_Cipher_10,2026-09-29 14:01:05.722,521.76,547.97,7.56,85.79
Player_Echo_09,2026-09-29 14:01:05.818,243.82,394.78,9.04,98.3
Player_Apex_01,2026-09-29 14:01:05.864,367.85,289.72,3.59,332.87
Player_Viper_02,2026-09-29 14:01:05.971,135.58,863.8,8.39,347.56
Player_Nova_05,2026-09-29 14:01:05.995,698.03,430.94,11.28,115.45
Player_Shadow_08,2026-09-29 14:01:06.054,780.63,181.77,4.02,115.12
Player_Phoenix_06,2026-09-29 14:01:06.111,169.23,703.12,10.53,318.61
Player_Titan_04,2026-09-29 14:01:06.133,340.79,351.98,11.54,200.49
Player_Spectre_07,2026-09-29 14:01:06.160,485.21,515.95,7.59,138.83
Player_Cipher_10,2026-09-29 14:01:06.203,522.34,552.8,8.11,83.14
Player_Ghost_03,2026-09-29 14:01:06.272,757.5,230.19,6.85,317.78
Player_Apex_01,2026-09-29 14:01:06.381,372.45,287.29,8.69,332.11
Player_Echo_09,2026-09-29 14:01:06.463,243.32,397.28,4.25,101.18
Player_Nova_05,2026-09-29 14:01:06.488,697.1,433.56,4.63,109.56
Player_Shadow_08,2026-09-29 14:01:06.519,778.79,185.99,7.67,113.55
Player_Viper_02,2026-09-29 14:01:06.590,142.45,861.65,12.0,342.62
Player_Phoenix_06,2026-09-29 14:01:06.609,173.19,699.83,8.58,320.25
Player_Cipher_10,2026-09-29 14:01:06.679,522.42,555.73,4.89,88.5
Player_Spectre_07,2026-09-29 14:01:06.695,481.87,519.24,7.82,135.39
Player_Titan_04,2026-09-29 14:01:06.697,334.25,348.99,11.99,204.57
Player_Ghost_03,2026-09-29 14:01:06.743,761.04,227.59,7.32,323.68
Player_Apex_01,2026-09-29 14:01:06.911,374.48,286.3,3.75,333.9
Player_Echo_09,2026-09-29 14:01:06.939,242.33,401.86,7.81,102.2
Player_Shadow_08,2026-09-29 14:01:06.985,776.4,191.9,10.62,112.05
Player_Nova_05,2026-09-29 14:01:07.087,695.47,437.65,7.35,111.8
Player_Viper_02,2026-09-29 14:01:07.119,146.85,860.25,7.7,342.35
Player_Phoenix_06,2026-09-29 14:01:07.132,177.38,696.27,9.16,319.61
Player_Spectre_07,2026-09-29 14:01:07.171,479.76,521.04,4.62,139.44
Player_Cipher_10,2026-09-29 14:01:07.186,522.97,559.12,5.73,80.74
Player_Titan_04,2026-09-29 14:01:07.196,341.75,351.77,24.83,204.57
Player_Ghost_03,2026-09-29 14:01:07.232,762.49,226.32,3.21,319.02
Player_Echo_09,2026-09-29 14:01:07.431,241.36,406.4,7.74,102.09
Player_Shadow_08,2026-09-29 14:01:07.464,774.69,196.1,7.55,112.17
Player_Apex_01,2026-09-29 14:01:07.508,379.0,284.2,8.31,335.11
Player_Phoenix_06,2026-09-29 14:01:07.595,181.02,692.65,8.55,315.25
Player_Viper_02,2026-09-29 14:01:07.601,151.7,859.0,8.36,345.5
Player_Nova_05,2026-09-29 14:01:07.604,692.29,444.22,12.16,115.79
Player_Spectre_07,2026-09-29 14:01:07.628,474.61,525.94,11.84,136.49
Player_Ghost_03,2026-09-29 14:01:07.683,765.53,223.47,6.94,316.75
Player_Titan_04,2026-09-29 14:01:07.697,335.73,348.74,11.24,206.67
Player_Cipher_10,2026-09-29 14:01:07.803,523.41,563.52,7.38,84.3
Player_Echo_09,2026-09-29 14:01:07.899,240.39,411.21,8.17,101.4
Player_Apex_01,2026-09-29 14:01:08.091,383.31,281.94,8.12,332.33
Player_Shadow_08,2026-09-29 14:01:08.092,773.44,201.74,9.64,102.45
Player_Ghost_03,2026-09-29 14:01:08.159,769.75,220.29,8.81,323.06
Player_Nova_05,2026-09-29 14:01:08.206,690.71,448.36,7.39,110.87
Player_Phoenix_06,2026-09-29 14:01:08.210,183.35,690.29,5.53,314.56
Player_Titan_04,2026-09-29 14:01:08.213,329.43,345.83,11.56,204.78
Player_Viper_02,2026-09-29 14:01:08.226,156.85,857.53,8.93,344.1
Player_Spectre_07,2026-09-29 14:01:08.262,471.16,529.73,8.55,132.27
Player_Cipher_10,2026-09-29 14:01:08.428,523.58,566.28,4.61,86.52
Player_Echo_09,2026-09-29 14:01:08.436,239.79,415.48,7.19,97.98
Player_Shadow_08,2026-09-29 14:01:08.662,772.59,204.17,4.27,109.25
Player_Nova_05,2026-09-29 14:01:08.683,688.47,454.47,10.84,110.14
Player_Titan_04,2026-09-29 14:01:08.685,326.29,344.53,5.66,202.59
Player_Apex_01,2026-09-29 14:01:08.730,387.12,280.04,7.09,333.59
Player_Ghost_03,2026-09-29 14:01:08.751,772.42,218.02,5.85,319.58
Player_Viper_02,2026-09-29 14:01:08.806,159.61,856.56,4.87,340.53
Player_Phoenix_06,2026-09-29 14:01:08.859,186.9,687.63,7.39,323.13
Player_Echo_09,2026-09-29 14:01:08.888,239.64,417.6,3.54,94.05
Player_Spectre_07,2026-09-29 14:01:08.903,467.91,533.05,7.75,134.4
Player_Cipher_10,2026-09-29 14:01:08.921,524.15,573.24,11.64,85.32
Player_Titan_04,2026-09-29 14:01:09.205,323.58,343.19,5.04,206.29
Player_Shadow_08,2026-09-29 14:01:09.287,770.34,210.16,10.68,110.61
Player_Nova_05,2026-09-29 14:01:09.308,687.35,456.85,4.38,115.23
Player_Viper_02,2026-09-29 14:01:09.310,162.09,855.83,4.31,343.72
Player_Ghost_03,2026-09-29 14:01:09.342,776.12,215.21,7.74,322.81
Player_Apex_01,2026-09-29 14:01:09.350,391.74,277.95,8.45,335.61
Player_Phoenix_06,2026-09-29 14:01:09.409,189.22,685.72,5.02,320.67
Player_Spectre_07,2026-09-29 14:01:09.436,465.0,536.32,7.29,131.64
Player_Cipher_10,2026-09-29 14:01:09.443,524.38,575.79,4.26,84.68
Player_Echo_09,2026-09-29 14:01:09.509,239.56,420.35,4.6,91.7
Player_Viper_02,2026-09-29 14:01:09.795,166.15,854.76,7.0,345.19
Player_Apex_01,2026-09-29 14:01:09.831,396.71,276.11,8.84,339.68
Player_Titan_04,2026-09-29 14:01:09.834,319.51,341.76,7.19,199.29
Player_Nova_05,2026-09-29 14:01:09.879,684.77,462.33,10.1,115.22
Player_Ghost_03,2026-09-29 14:01:09.890,780.15,210.9,9.83,313.0
Player_Shadow_08,2026-09-29 14:01:09.905,767.7,215.23,9.52,117.52
Player_Cipher_10,2026-09-29 14:01:09.914,524.61,577.96,3.64,83.95
Player_Spectre_07,2026-09-29 14:01:09.937,461.23,540.17,8.98,134.38
Player_Phoenix_06,2026-09-29 14:01:10.010,194.45,681.24,11.47,319.39
Player_Echo_09,2026-09-29 14:01:10.099,239.46,425.4,8.41,91.1
Player_Viper_02,2026-09-29 14:01:10.374,172.84,853.38,11.37,348.38
Player_Apex_01,2026-09-29 14:01:10.385,400.63,274.21,7.25,334.08
Player_Titan_04,2026-09-29 14:01:10.390,320.87,349.65,25.58,199.29
Player_Shadow_08,2026-09-29 14:01:10.454,765.27,219.93,8.82,117.3
Player_Nova_05,2026-09-29 14:01:10.465,682.77,466.03,7.01,118.38
Player_Phoenix_06,2026-09-29 14:01:10.483,199.11,677.32,10.16,319.87
Player_Cipher_10,2026-09-29 14:01:10.499,524.94,583.03,8.47,86.34
Player_Spectre_07,2026-09-29 14:01:10.511,459.3,542.29,4.78,132.34
Player_Ghost_03,2026-09-29 14:01:10.525,784.11,206.11,10.35,309.62
Player_Echo_09,2026-09-29 14:01:10.669,239.33,427.39,3.32,93.92
Player_Viper_02,2026-09-29 14:01:10.833,177.97,852.07,8.84,345.69
Player_Titan_04,2026-09-29 14:01:10.865,317.76,348.18,5.73,205.29
Player_Apex_01,2026-09-29 14:01:10.884,405.26,272.2,8.41,336.53
Player_Nova_05,2026-09-29 14:01:10.948,681.42,468.48,4.67,118.74
Player_Phoenix_06,2026-09-29 14:01:10.974,200.99,675.74,4.09,320.1
Player_Shadow_08,2026-09-29 14:01:11.092,762.38,225.57,10.56,117.19
Player_Spectre_07,2026-09-29 14:01:11.117,457.85,544.31,4.15,125.74
Player_Cipher_10,2026-09-29 14:01:11.119,524.99,588.22,8.66,89.46
Player_Ghost_03,2026-09-29 14:01:11.121,786.67,203.61,5.96,315.69
Player_Echo_09,2026-09-29 14:01:11.123,238.9,430.35,4.99,98.21
Player_Apex_01,2026-09-29 14:01:11.378,411.44,269.75,11.08,338.38
Player_Titan_04,2026-09-29 14:01:11.388,311.93,345.1,10.99,207.76
Player_Viper_02,2026-09-29 14:01:11.435,184.01,850.23,10.51,343.04
Player_Phoenix_06,2026-09-29 14:01:11.539,205.11,672.11,9.15,318.6
Player_Shadow_08,2026-09-29 14:01:11.583,760.32,229.97,8.11,115.05
Player_Cipher_10,2026-09-29 14:01:11.595,524.9,592.77,7.57,91.14
Player_Nova_05,2026-09-29 14:01:11.596,679.12,471.96,6.95,123.56
Player_Ghost_03,2026-09-29 14:01:11.639,788.94,201.81,4.84,321.55
Player_Spectre_07,2026-09-29 14:01:11.751,455.16,547.75,7.27,127.99
Player_Echo_09,2026-09-29 14:01:11.762,238.4,435.32,8.34,95.67
Player_Apex_01,2026-09-29 14:01:11.828,416.46,267.91,8.91,339.92
Player_Titan_04,2026-09-29 14:01:11.905,307.15,342.46,9.1,209.01
Player_Nova_05,2026-09-29 14:01:12.057,676.52,478.43,11.63,111.83
Player_Viper_02,2026-09-29 14:01:12.082,188.73,848.33,8.48,338.07
Player_Cipher_10,2026-09-29 14:01:12.112,524.73,594.97,3.69,94.21
Player_Phoenix_06,2026-09-29 14:01:12.175,210.21,666.97,12.07,314.8
Player_Ghost_03,2026-09-29 14:01:12.200,793.11,198.69,8.68,323.17
Player_Shadow_08,2026-09-29 14:01:12.203,759.28,232.38,4.37,113.3
Player_Spectre_07,2026-09-29 14:01:12.286,453.7,549.73,4.1,126.54
Player_Titan_04,2026-09-29 14:01:12.364,303.27,340.36,7.36,208.4
Player_Echo_09,2026-09-29 14:01:12.385,238.2,438.05,4.56,94.27
Player_Apex_01,2026-09-29 14:01:12.433,421.33,266.36,8.52,342.35
Player_Viper_02,2026-09-29 14:01:12.543,191.76,846.94,5.55,335.34
Player_Cipher_10,2026-09-29 14:01:12.562,524.7,599.31,7.23,90.42
Player_Nova_05,2026-09-29 14:01:12.630,673.83,483.11,8.99,119.94
Player_Phoenix_06,2026-09-29 14:01:12.721,212.06,665.15,4.33,315.39
Player_Ghost_03,2026-09-29 14:01:12.742,797.15,195.85,8.22,324.89
Player_Spectre_07,2026-09-29 14:01:12.770,450.68,553.35,7.85,129.76
Player_Shadow_08,2026-09-29 14:01:12.778,28.58,10.24,27.18,113.3
Player_Apex_01,2026-09-29 14:01:12.937,428.1,263.85,12.03,339.61
Player_Titan_04,2026-09-29 14:01:12.988,298.93,340.23,7.24,181.71
Player_Echo_09,2026-09-29 14:01:13.017,238.14,440.11,3.42,91.79
Player_Cipher_10,2026-09-29 14:01:13.049,524.29,604.54,8.75,94.51
Player_Viper_02,2026-09-29 14:01:13.106,196.65,844.17,9.36,330.51
Player_Phoenix_06,2026-09-29 14:01:13.256,214.21,663.32,4.7,319.58
Player_Nova_05,2026-09-29 14:01:13.269,671.52,487.04,7.61,120.45
Player_Ghost_03,2026-09-29 14:01:13.344,799.31,194.27,4.46,323.8
Player_Shadow_08,2026-09-29 14:01:13.401,-2.27,102.81,65.05,113.3
Player_Spectre_07,2026-09-29 14:01:13.414,448.61,556.51,6.3,123.33
Player_Titan_04,2026-09-29 14:01:13.450,291.66,342.41,12.64,163.29
Player_Apex_01,2026-09-29 14:01:13.575,432.37,261.93,7.81,335.83
Player_Viper_02,2026-09-29 14:01:13.615,202.86,841.27,11.43,334.97
Player_Cipher_10,2026-09-29 14:01:13.621,523.78,609.83,8.86,95.49
Player_Echo_09,2026-09-29 14:01:13.645,237.88,444.84,7.9,93.04
Player_Phoenix_06,2026-09-29 14:01:13.743,218.36,660.07,8.77,321.95
Player_Ghost_03,2026-09-29 14:01:13.795,802.88,191.26,7.78,319.93
Player_Nova_05,2026-09-29 14:01:13.827,670.24,489.02,3.92,122.92
Player_Shadow_08,2026-09-29 14:01:13.880,60.0,105.46,4.45,97.53
Player_Titan_04,2026-09-29 14:01:13.905,287.61,344.75,7.8,149.99
Player_Spectre_07,2026-09-29 14:01:14.027,445.78,560.66,8.37,124.25
Player_Viper_02,2026-09-29 14:01:14.185,207.41,839.22,8.32,335.73
Player_Apex_01,2026-09-29 14:01:14.187,438.6,258.89,11.56,334.0
Player_Cipher_10,2026-09-29 14:01:14.257,523.61,616.88,11.74,91.4
Player_Echo_09,2026-09-29 14:01:14.264,237.59,449.06,7.05,93.95
Player_Phoenix_06,2026-09-29 14:01:14.272,221.84,657.21,7.51,320.57
Player_Nova_05,2026-09-29 14:01:14.298,667.45,493.22,8.4,123.61
Player_Ghost_03,2026-09-29 14:01:14.329,807.62,186.31,11.43,313.72
Player_Shadow_08,2026-09-29 14:01:14.396,60.22,109.74,7.15,87.06
Player_Titan_04,2026-09-29 14:01:14.480,282.99,348.94,10.41,137.78
Player_Spectre_07,2026-09-29 14:01:14.618,442.69,566.59,11.15,117.48
Player_Apex_01,2026-09-29 14:01:14.697,440.54,258.28,3.38,342.47
Player_Cipher_10,2026-09-29 14:01:14.753,523.52,622.08,8.68,90.97
Player_Phoenix_06,2026-09-29 14:01:14.768,223.59,655.57,4.0,316.9
Player_Viper_02,2026-09-29 14:01:14.781,212.36,837.23,8.88,338.11
Player_Echo_09,2026-09-29 14:01:14.792,237.37,451.85,4.66,94.64
Player_Nova_05,2026-09-29 14:01:14.796,662.7,491.64,19.47,123.61
Player_Ghost_03,2026-09-29 14:01:14.945,810.46,183.12,7.12,311.68
Player_Titan_04,2026-09-29 14:01:14.988,290.63,351.31,26.26,137.78
Player_Shadow_08,2026-09-29 14:01:15.043,60.74,111.92,3.73,76.47
Player_Apex_01,2026-09-29 14:01:15.153,444.39,257.1,6.71,343.04
Player_Spectre_07,2026-09-29 14:01:15.193,439.94,571.32,9.11,120.25
Player_Nova_05,2026-09-29 14:01:15.247,657.98,498.17,13.43,125.92
Player_Cipher_10,2026-09-29 14:01:15.326,523.47,626.7,7.69,90.69
Player_Viper_02,2026-09-29 14:01:15.328,214.95,836.31,4.59,340.46
Player_Echo_09,2026-09-29 14:01:15.338,236.82,456.71,8.15,96.42
Player_Phoenix_06,2026-09-29 14:01:15.377,230.95,654.57,12.37,352.22
Player_Titan_04,2026-09-29 14:01:15.506,288.81,353.27,4.45,132.87
Player_Ghost_03,2026-09-29 14:01:15.572,815.69,177.77,12.47,314.41
Player_Shadow_08,2026-09-29 14:01:15.669,61.26,113.79,3.24,74.44
Player_Spectre_07,2026-09-29 14:01:15.761,437.24,575.5,8.31,122.87
Player_Apex_01,2026-09-29 14:01:15.799,451.7,257.92,12.26,6.39
Player_Nova_05,2026-09-29 14:01:15.801,655.35,501.89,7.59,125.26
Player_Viper_02,2026-09-29 14:01:15.829,219.45,834.72,7.95,340.56
Player_Echo_09,2026-09-29 14:01:15.849,233.23,463.17,12.32,119.07
Player_Cipher_10,2026-09-29 14:01:15.861,523.11,633.96,12.11,92.78
Player_Phoenix_06,2026-09-29 14:01:15.966,235.01,655.47,6.94,12.5
Player_Titan_04,2026-09-29 14:01:16.069,285.14,358.43,10.55,125.42
Player_Ghost_03,2026-09-29 14:01:16.103,818.76,175.13,6.74,319.27
Player_Shadow_08,2026-09-29 14:01:16.131,62.81,119.03,9.11,73.53
Player_Spectre_07,2026-09-29 14:01:16.274,436.08,577.05,3.22,126.72
Player_Nova_05,2026-09-29 14:01:16.315,653.18,505.19,6.58,123.27
Player_Echo_09,2026-09-29 14:01:16.385,231.03,465.02,4.79,139.96
Player_Apex_01,2026-09-29 14:01:16.396,455.35,260.17,7.14,31.61
Player_Cipher_10,2026-09-29 14:01:16.409,523.1,638.73,7.95,90.1
Player_Viper_02,2026-09-29 14:01:16.443,225.36,832.92,10.3,343.01
Player_Phoenix_06,2026-09-29 14:01:16.471,238.94,658.67,8.44,39.18
Player_Ghost_03,2026-09-29 14:01:16.700,822.56,171.5,8.75,316.29
Player_Titan_04,2026-09-29 14:01:16.713,283.87,360.5,4.05,121.45
Player_Shadow_08,2026-09-29 14:01:16.774,84.76,212.7,64.14,73.53
Player_Echo_09,2026-09-29 14:01:16.859,228.21,465.56,4.79,169.09
Player_Spectre_07,2026-09-29 14:01:16.875,431.42,582.26,11.65,131.82
Player_Apex_01,2026-09-29 14:01:16.908,459.91,265.71,11.98,50.55
Player_Nova_05,2026-09-29 14:01:16.921,650.92,509.2,7.67,119.42
Player_Phoenix_06,2026-09-29 14:01:16.941,243.43,659.98,7.8,16.29
Player_Cipher_10,2026-09-29 14:01:16.995,523.21,640.53,3.0,86.74
Player_Viper_02,2026-09-29 14:01:17.075,230.18,831.07,8.59,339.06
Player_Titan_04,2026-09-29 14:01:17.203,291.87,360.71,19.36,121.45
Player_Ghost_03,2026-09-29 14:01:17.250,823.36,169.01,4.37,287.85
Player_Shadow_08,2026-09-29 14:01:17.250,85.45,214.32,2.94,66.96
Player_Echo_09,2026-09-29 14:01:17.351,221.7,464.06,11.13,192.98
Player_Spectre_07,2026-09-29 14:01:17.431,426.71,587.01,11.14,134.75
Player_Nova_05,2026-09-29 14:01:17.476,649.66,511.65,4.59,117.12
Player_Phoenix_06,2026-09-29 14:01:17.551,246.24,659.81,4.7,356.63
Player_Apex_01,2026-09-29 14:01:17.555,461.09,268.23,4.63,64.84
Player_Cipher_10,2026-09-29 14:01:17.628,523.33,645.62,8.49,88.64
Player_Viper_02,2026-09-29 14:01:17.720,234.65,829.58,7.85,341.45
Player_Titan_04,2026-09-29 14:01:17.787,290.76,368.01,12.3,98.69
Player_Ghost_03,2026-09-29 14:01:17.839,823.14,166.67,3.92,264.77
Player_Shadow_08,2026-09-29 14:01:17.861,81.88,207.16,20.92,66.96
Player_Echo_09,2026-09-29 14:01:17.883,219.92,462.78,3.65,215.73
Player_Phoenix_06,2026-09-29 14:01:18.038,503.58,276.41,79.01,356.63
Player_Nova_05,2026-09-29 14:01:18.069,647.46,516.52,8.9,114.36
Player_Spectre_07,2026-09-29 14:01:18.077,423.26,591.45,9.38,127.88
Player_Apex_01,2026-09-29 14:01:18.183,461.59,270.64,4.11,78.32
Player_Cipher_10,2026-09-29 14:01:18.269,523.31,649.48,6.44,90.31
Player_Viper_02,2026-09-29 14:01:18.281,241.38,827.48,11.74,342.73
Player_Titan_04,2026-09-29 14:01:18.288,291.23,372.09,6.85,83.34
Player_Shadow_08,2026-09-29 14:01:18.424,85.12,213.22,11.46,61.86
Player_Echo_09,2026-09-29 14:01:18.471,218.14,460.95,4.26,225.91
Player_Ghost_03,2026-09-29 14:01:18.475,821.12,163.03,6.93,240.93
Player_Phoenix_06,2026-09-29 14:01:18.510,950.0,50.0,70.61,356.63
Player_Nova_05,2026-09-29 14:01:18.607,646.31,518.96,4.49,115.18
Player_Apex_01,2026-09-29 14:01:18.664,461.08,275.72,8.51,95.81
Player_Spectre_07,2026-09-29 14:01:18.705,421.49,593.63,4.67,129.05
Player_Cipher_10,2026-09-29 14:01:18.771,524.94,652.84,6.23,64.09
Player_Viper_02,2026-09-29 14:01:18.820,245.58,826.1,7.38,341.75
Player_Titan_04,2026-09-29 14:01:18.830,292.99,378.47,11.03,74.59
Player_Shadow_08,2026-09-29 14:01:18.913,86.54,215.3,4.19,55.73
Player_Echo_09,2026-09-29 14:01:18.948,215.76,456.57,8.3,241.41
Player_Ghost_03,2026-09-29 14:01:18.999,815.77,158.47,11.72,220.42
Player_Phoenix_06,2026-09-29 14:01:19.112,940.0,60.0,9.95,21.93
Player_Nova_05,2026-09-29 14:01:19.225,644.28,523.39,8.12,114.65
Player_Cipher_10,2026-09-29 14:01:19.255,528.02,655.81,7.13,43.88
Player_Apex_01,2026-09-29 14:01:19.257,460.54,282.68,11.63,94.38
Player_Spectre_07,2026-09-29 14:01:19.297,418.49,597.11,7.66,130.79
Player_Viper_02,2026-09-29 14:01:19.365,249.73,824.88,7.22,343.61
Player_Titan_04,2026-09-29 14:01:19.409,294.7,383.51,8.86,71.26
Player_Shadow_08,2026-09-29 14:01:19.414,89.1,219.74,8.53,60.03
Player_Echo_09,2026-09-29 14:01:19.478,219.24,452.98,18.75,241.41
Player_Ghost_03,2026-09-29 14:01:19.553,811.1,156.65,8.35,201.32
Player_Nova_05,2026-09-29 14:01:19.716,642.2,527.25,7.31,118.3
Player_Phoenix_06,2026-09-29 14:01:19.753,940.0,61.73,3.99,46.12
Player_Spectre_07,2026-09-29 14:01:19.802,415.28,600.89,8.26,130.28
Player_Viper_02,2026-09-29 14:01:19.822,253.59,823.9,6.64,345.76
Player_Apex_01,2026-09-29 14:01:19.863,459.8,287.84,8.68,98.15
Player_Cipher_10,2026-09-29 14:01:19.904,530.82,657.01,5.07,23.27
Player_Titan_04,2026-09-29 14:01:19.920,296.25,386.26,5.27,60.56
Player_Shadow_08,2026-09-29 14:01:19.926,91.43,223.03,6.72,54.64
Player_Echo_09,2026-09-29 14:01:19.999,218.15,450.63,4.31,245.23
Player_Ghost_03,2026-09-29 14:01:20.067,806.15,155.56,8.44,192.39
Player_Spectre_07,2026-09-29 14:01:20.275,413.51,603.27,4.95,126.6
Player_Phoenix_06,2026-09-29 14:01:20.279,940.0,69.47,13.59,71.74
Player_Nova_05,2026-09-29 14:01:20.306,641.07,529.58,4.32,115.85
Player_Viper_02,2026-09-29 14:01:20.357,258.54,822.98,8.38,349.55
Player_Shadow_08,2026-09-29 14:01:20.419,413.56,50.0,75.88,54.64
Player_Apex_01,2026-09-29 14:01:20.453,458.55,294.57,11.42,100.55
Player_Titan_04,2026-09-29 14:01:20.491,298.01,388.7,5.01,54.31
Player_Cipher_10,2026-09-29 14:01:20.495,533.11,657.0,3.82,359.85
Player_Echo_09,2026-09-29 14:01:20.504,216.58,446.45,7.43,249.43
Player_Ghost_03,2026-09-29 14:01:20.535,800.73,154.95,9.09,186.45
Player_Spectre_07,2026-09-29 14:01:20.842,412.11,605.09,3.82,127.71
Player_Nova_05,2026-09-29 14:01:20.855,636.45,534.23,10.93,134.84
Player_Phoenix_06,2026-09-29 14:01:20.923,939.59,74.1,7.75,95.0
Player_Viper_02,2026-09-29 14:01:20.927,263.72,822.04,8.79,349.68
Player_Shadow_08,2026-09-29 14:01:20.927,974.33,978.07,38.87,54.64
Player_Echo_09,2026-09-29 14:01:20.980,215.3,440.26,10.54,258.29
Player_Cipher_10,2026-09-29 14:01:21.002,539.48,655.49,10.91,346.62
Player_Titan_04,2026-09-29 14:01:21.007,300.77,392.12,7.32,51.05
Player_Apex_01,2026-09-29 14:01:21.018,457.03,299.56,8.69,106.94
Player_Ghost_03,2026-09-29 14:01:21.121,796.14,154.82,7.66,181.56
Player_Phoenix_06,2026-09-29 14:01:21.407,937.51,78.68,8.39,114.52
Player_Spectre_07,2026-09-29 14:01:21.408,408.75,609.32,9.01,128.44
Player_Nova_05,2026-09-29 14:01:21.425,633.78,535.63,5.02,152.31
Player_Viper_02,2026-09-29 14:01:21.491,266.78,821.76,5.11,354.68
Player_Titan_04,2026-09-29 14:01:21.555,304.01,384.81,20.14,51.05
Player_Shadow_08,2026-09-29 14:01:21.574,1012.69,1022.33,39.05,54.64
Player_Echo_09,2026-09-29 14:01:21.575,215.05,435.07,8.66,267.27
Player_Cipher_10,2026-09-29 14:01:21.632,543.64,653.61,7.61,335.71
Player_Apex_01,2026-09-29 14:01:21.664,456.33,302.04,4.3,105.79
Player_Ghost_03,2026-09-29 14:01:21.710,791.08,155.01,8.43,177.83
Player_Spectre_07,2026-09-29 14:01:21.905,405.64,613.2,8.29,128.73
Player_Nova_05,2026-09-29 14:01:21.931,628.99,536.64,8.15,168.08
Player_Phoenix_06,2026-09-29 14:01:21.962,934.41,82.72,8.49,127.5
Player_Viper_02,2026-09-29 14:01:21.996,270.84,820.75,6.98,346.14
Player_Titan_04,2026-09-29 14:01:22.061,307.76,388.54,8.82,44.83
Player_Echo_09,2026-09-29 14:01:22.186,215.31,428.37,11.18,272.23
Player_Cipher_10,2026-09-29 14:01:22.190,546.53,651.26,6.22,320.88
Player_Shadow_08,2026-09-29 14:01:22.221,1069.68,1071.45,50.16,54.64
Player_Apex_01,2026-09-29 14:01:22.226,454.98,306.32,7.48,107.49
Player_Ghost_03,2026-09-29 14:01:22.297,788.38,155.26,4.52,174.72
Player_Phoenix_06,2026-09-29 14:01:22.439,931.0,85.28,7.1,143.05
Player_Nova_05,2026-09-29 14:01:22.483,624.26,536.47,7.89,182.07
Player_Spectre_07,2026-09-29 14:01:22.517,402.19,609.58,18.31,128.73
Player_Viper_02,2026-09-29 14:01:22.581,273.44,820.01,4.52,343.99
Player_Titan_04,2026-09-29 14:01:22.615,312.82,392.97,11.22,41.21
Player_Cipher_10,2026-09-29 14:01:22.658,548.35,649.54,4.16,316.75
Player_Apex_01,2026-09-29 14:01:22.757,453.7,308.87,4.74,116.62
Player_Ghost_03,2026-09-29 14:01:22.810,783.97,156.06,7.47,169.74
Player_Echo_09,2026-09-29 14:01:22.813,215.43,424.26,6.85,271.6
Player_Shadow_08,2026-09-29 14:01:22.835,1107.88,1171.18,71.2,54.64
Player_Phoenix_06,2026-09-29 14:01:22.911,925.41,88.61,10.85,149.21
Player_Viper_02,2026-09-29 14:01:23.062,349.51,810.41,51.11,343.99
Player_Nova_05,2026-09-29 14:01:23.085,621.65,535.96,4.44,191.01
Player_Spectre_07,2026-09-29 14:01:23.102,399.0,613.65,8.61,128.08
Player_Cipher_10,2026-09-29 14:01:23.145,550.28,647.31,4.92,310.91
Player_Titan_04,2026-09-29 14:01:23.239,305.19,395.35,24.01,41.21
Player_Ghost_03,2026-09-29 14:01:23.271,778.56,157.66,9.4,163.54
Player_Apex_01,2026-09-29 14:01:23.305,452.53,311.66,5.05,112.87
Player_Echo_09,2026-09-29 14:01:23.439,215.41,419.22,8.39,269.82
Player_Shadow_08,2026-09-29 14:01:23.454,940.0,940.0,7.83,78.5
Player_Phoenix_06,2026-09-29 14:01:23.541,921.49,90.51,7.27,154.16
Player_Viper_02,2026-09-29 14:01:23.629,444.84,783.06,66.12,343.99
Player_Nova_05,2026-09-29 14:01:23.661,617.33,534.61,7.53,197.32
Player_Titan_04,2026-09-29 14:01:23.691,310.9,399.53,11.8,36.16
Player_Spectre_07,2026-09-29 14:01:23.708,395.16,617.83,9.48,132.58
Player_Cipher_10,2026-09-29 14:01:23.740,553.44,643.87,7.78,312.56
Player_Apex_01,2026-09-29 14:01:23.859,450.9,314.27,5.12,121.92
Player_Ghost_03,2026-09-29 14:01:23.913,776.27,158.52,4.08,159.45
Player_Echo_09,2026-09-29 14:01:23.974,215.77,414.97,7.11,274.87
Player_Shadow_08,2026-09-29 14:01:24.078,938.81,940.0,7.57,105.23
Player_Phoenix_06,2026-09-29 14:01:24.125,915.37,93.43,11.29,154.48
Player_Spectre_07,2026-09-29 14:01:24.178,390.26,623.09,11.97,132.96
Player_Viper_02,2026-09-29 14:01:24.216,519.74,750.11,54.55,343.99
Player_Nova_05,2026-09-29 14:01:24.243,612.9,532.94,7.89,200.7
Player_Cipher_10,2026-09-29 14:01:24.310,556.58,639.93,8.4,308.47
Player_Titan_04,2026-09-29 14:01:24.323,314.04,402.45,7.15,42.92
Player_Ghost_03,2026-09-29 14:01:24.388,771.41,160.46,8.72,158.23
Player_Apex_01,2026-09-29 14:01:24.416,447.97,320.29,11.16,115.95
Player_Echo_09,2026-09-29 14:01:24.554,216.01,410.25,7.88,272.82
Player_Shadow_08,2026-09-29 14:01:24.608,933.64,940.0,12.85,132.02
Player_Viper_02,2026-09-29 14:01:24.702,523.19,747.29,7.42,320.81
Player_Phoenix_06,2026-09-29 14:01:24.732,910.46,95.25,8.73,159.63
Player_Spectre_07,2026-09-29 14:01:24.759,385.07,628.42,12.41,134.22
Player_Cipher_10,2026-09-29 14:01:24.836,559.17,635.76,8.18,301.83
Player_Titan_04,2026-09-29 14:01:24.869,316.47,404.55,5.35,40.85
Player_Nova_05,2026-09-29 14:01:24.871,610.48,531.12,5.06,216.91
Player_Apex_01,2026-09-29 14:01:24.871,445.66,324.1,7.43,121.24
Player_Ghost_03,2026-09-29 14:01:24.986,766.38,162.41,9.0,158.82
Player_Echo_09,2026-09-29 14:01:25.007,215.72,403.1,11.91,267.67
Player_Viper_02,2026-09-29 14:01:25.213,525.44,743.47,7.4,300.51
Player_Shadow_08,2026-09-29 14:01:25.214,929.21,940.0,7.96,158.23
Player_Spectre_07,2026-09-29 14:01:25.237,383.07,630.62,4.95,132.33
Player_Phoenix_06,2026-09-29 14:01:25.308,907.98,96.37,4.53,155.71
Player_Apex_01,2026-09-29 14:01:25.322,442.89,328.47,8.62,122.32
Player_Nova_05,2026-09-29 14:01:25.382,608.35,528.8,5.24,227.52
Player_Titan_04,2026-09-29 14:01:25.396,320.37,407.7,8.36,38.91
Player_Cipher_10,2026-09-29 14:01:25.451,560.79,633.31,4.91,303.53
Player_Echo_09,2026-09-29 14:01:25.536,215.54,400.48,4.38,266.22
Player_Ghost_03,2026-09-29 14:01:25.554,761.8,164.26,8.22,157.97
Player_Shadow_08,2026-09-29 14:01:25.716,924.6,940.0,7.71,174.46
Player_Spectre_07,2026-09-29 14:01:25.780,381.25,632.58,4.46,132.75
Player_Viper_02,2026-09-29 14:01:25.797,526.33,739.44,6.87,282.4
Player_Phoenix_06,2026-09-29 14:01:25.832,904.16,98.11,6.99,155.57
Player_Titan_04,2026-09-29 14:01:25.872,322.25,399.92,26.39,38.91
Player_Apex_01,2026-09-29 14:01:25.879,440.63,332.67,7.95,118.32
Player_Nova_05,2026-09-29 14:01:25.902,605.37,524.92,8.16,232.46
Player_Echo_09,2026-09-29 14:01:26.006,215.24,396.07,7.37,266.11
Player_Cipher_10,2026-09-29 14:01:26.065,562.74,629.32,7.39,296.1
Player_Ghost_03,2026-09-29 14:01:26.092,756.44,166.56,9.72,156.79
Player_Shadow_08,2026-09-29 14:01:26.279,920.19,939.1,7.5,191.48
Player_Phoenix_06,2026-09-29 14:01:26.312,899.87,99.91,7.75,157.19
Player_Viper_02,2026-09-29 14:01:26.376,526.23,737.23,3.69,267.64
Player_Apex_01,2026-09-29 14:01:26.385,439.35,336.79,7.18,107.23
Player_Spectre_07,2026-09-29 14:01:26.411,377.83,636.12,8.2,134.07
Player_Titan_04,2026-09-29 14:01:26.465,326.39,402.74,8.34,34.21
Player_Echo_09,2026-09-29 14:01:26.494,215.14,393.45,4.37,267.64
Player_Nova_05,2026-09-29 14:01:26.502,603.03,523.81,4.31,205.3
Player_Cipher_10,2026-09-29 14:01:26.517,565.59,622.99,11.57,294.23
Player_Ghost_03,2026-09-29 14:01:26.563,753.9,167.76,4.69,154.72
Player_Shadow_08,2026-09-29 14:01:26.832,917.64,938.16,4.53,200.33
Player_Phoenix_06,2026-09-29 14:01:26.868,894.98,100.98,8.35,167.68
Player_Apex_01,2026-09-29 14:01:26.934,437.96,340.75,7.0,109.39
Player_Titan_04,2026-09-29 14:01:26.942,330.77,405.67,8.79,33.74
Player_Viper_02,2026-09-29 14:01:26.946,518.2,662.77,49.93,267.64
Player_Nova_05,2026-09-29 14:01:26.975,597.66,523.49,8.96,183.47
Player_Spectre_07,2026-09-29 14:01:26.999,372.95,641.12,11.65,134.35
Player_Cipher_10,2026-09-29 14:01:27.083,569.08,616.32,12.55,297.61
Player_Ghost_03,2026-09-29 14:01:27.092,749.22,169.5,8.33,159.56
Player_Echo_09,2026-09-29 14:01:27.129,214.94,389.0,7.42,267.55
Player_Shadow_08,2026-09-29 14:01:27.419,913.89,936.4,6.9,205.09
Player_Apex_01,2026-09-29 14:01:27.426,435.04,346.33,10.5,117.63
Player_Titan_04,2026-09-29 14:01:27.475,335.52,409.4,10.07,38.21
Player_Phoenix_06,2026-09-29 14:01:27.481,890.67,102.36,7.55,162.22
Player_Nova_05,2026-09-29 14:01:27.574,593.25,524.74,7.64,164.16
Player_Viper_02,2026-09-29 14:01:27.587,506.41,566.9,64.39,267.64
Player_Spectre_07,2026-09-29 14:01:27.597,368.88,644.47,8.79,140.5
Player_Ghost_03,2026-09-29 14:01:27.631,744.76,171.1,7.9,160.35
Player_Cipher_10,2026-09-29 14:01:27.661,572.09,610.35,11.15,296.74
Player_Echo_09,2026-09-29 14:01:27.663,214.94,383.41,9.32,269.94
Player_Shadow_08,2026-09-29 14:01:27.901,911.61,935.0,4.46,211.57
Player_Phoenix_06,2026-09-29 14:01:27.996,885.02,103.71,9.67,166.53
Player_Apex_01,2026-09-29 14:01:28.012,432.86,350.68,8.1,116.56
Player_Titan_04,2026-09-29 14:01:28.091,339.35,412.55,8.26,39.42
Player_Echo_09,2026-09-29 14:01:28.123,215.04,378.13,8.8,271.15
Player_Ghost_03,2026-09-29 14:01:28.162,740.26,172.58,7.88,161.77
Player_Nova_05,2026-09-29 14:01:28.179,588.85,527.29,8.48,149.95
Player_Cipher_10,2026-09-29 14:01:28.180,575.8,604.38,11.71,301.86
Player_Viper_02,2026-09-29 14:01:28.224,504.91,561.82,8.84,253.58
Player_Spectre_07,2026-09-29 14:01:28.241,365.24,647.25,7.64,142.62
Player_Apex_01,2026-09-29 14:01:28.468,429.5,356.0,10.49,122.35
Player_Shadow_08,2026-09-29 14:01:28.481,907.98,932.26,7.57,217.08
Player_Phoenix_06,2026-09-29 14:01:28.528,881.35,105.0,6.5,160.64
Player_Titan_04,2026-09-29 14:01:28.555,342.95,415.46,7.72,38.97
Player_Ghost_03,2026-09-29 14:01:28.617,734.58,173.99,9.77,166.07
Player_Nova_05,2026-09-29 14:01:28.630,587.55,528.63,3.12,134.03
Player_Echo_09,2026-09-29 14:01:28.646,214.77,373.26,8.13,266.72
Player_Cipher_10,2026-09-29 14:01:28.662,577.45,602.11,4.67,306.11
Player_Spectre_07,2026-09-29 14:01:28.865,361.33,650.77,8.76,138.03
Player_Viper_02,2026-09-29 14:01:28.867,502.16,556.41,10.11,243.03
Player_Apex_01,2026-09-29 14:01:28.964,427.92,358.2,4.51,125.71
Player_Shadow_08,2026-09-29 14:01:28.971,491.54,950.0,84.52,217.08
Player_Phoenix_06,2026-09-29 14:01:29.079,878.57,105.58,4.73,168.32
Player_Nova_05,2026-09-29 14:01:29.098,586.25,530.48,3.77,125.16
Player_Ghost_03,2026-09-29 14:01:29.109,730.59,175.13,6.9,163.97
Player_Titan_04,2026-09-29 14:01:29.174,344.96,417.1,4.32,39.13
Player_Echo_09,2026-09-29 14:01:29.183,214.16,367.01,10.47,264.5
Player_Cipher_10,2026-09-29 14:01:29.212,579.58,598.54,6.93,300.8
Player_Spectre_07,2026-09-29 14:01:29.430,358.82,652.81,5.38,140.76
Player_Shadow_08,2026-09-29 14:01:29.436,489.02,940.0,7.3,234.85
Player_Viper_02,2026-09-29 14:01:29.481,499.73,552.17,8.15,240.1
Player_Apex_01,2026-09-29 14:01:29.497,425.35,362.51,8.37,120.71
Player_Phoenix_06,2026-09-29 14:01:29.573,871.7,107.48,11.87,164.49
Player_Nova_05,2026-09-29 14:01:29.679,582.97,536.48,11.4,118.62
Player_Cipher_10,2026-09-29 14:01:29.681,581.78,593.92,8.53,295.44
Player_Ghost_03,2026-09-29 14:01:29.700,722.92,177.33,13.31,164.04
Player_Titan_04,2026-09-29 14:01:29.751,349.21,420.49,9.05,38.65
Player_Echo_09,2026-09-29 14:01:29.803,213.62,361.67,8.95,264.25
Player_Shadow_08,2026-09-29 14:01:29.917,446.44,874.38,52.15,234.85
Player_Apex_01,2026-09-29 14:01:30.054,424.07,364.64,4.14,121.1
Player_Spectre_07,2026-09-29 14:01:30.061,353.8,657.4,11.34,137.62
Player_Viper_02,2026-09-29 14:01:30.109,497.96,549.81,4.92,233.13
Player_Phoenix_06,2026-09-29 14:01:30.145,867.33,109.48,8.0,155.44
Player_Ghost_03,2026-09-29 14:01:30.209,719.8,178.36,5.48,161.6
Player_Nova_05,2026-09-29 14:01:30.276,580.75,541.51,9.16,113.81
Player_Cipher_10,2026-09-29 14:01:30.295,583.52,591.04,5.61,301.03
Player_Titan_04,2026-09-29 14:01:30.300,355.31,424.64,12.3,34.17
Player_Echo_09,2026-09-29 14:01:30.309,213.64,356.75,8.19,270.13
Player_Shadow_08,2026-09-29 14:01:30.368,444.5,868.52,10.28,251.67
Player_Spectre_07,2026-09-29 14:01:30.626,349.32,662.43,11.23,131.63
Player_Apex_01,2026-09-29 14:01:30.642,422.75,366.84,4.27,120.93
Player_Phoenix_06,2026-09-29 14:01:30.718,860.53,112.09,12.15,159.04
Player_Viper_02,2026-09-29 14:01:30.742,494.76,546.15,8.1,228.87
Player_Titan_04,2026-09-29 14:01:30.798,359.0,427.62,7.91,38.94
Player_Ghost_03,2026-09-29 14:01:30.827,714.51,182.43,11.11,142.47
Player_Cipher_10,2026-09-29 14:01:30.840,585.26,588.45,5.2,304.01
Player_Nova_05,2026-09-29 14:01:30.849,578.02,547.99,11.71,112.89
Player_Echo_09,2026-09-29 14:01:30.872,213.3,352.06,7.84,265.91
Player_Shadow_08,2026-09-29 14:01:30.966,443.62,863.57,8.38,259.91
Player_Spectre_07,2026-09-29 14:01:31.092,347.49,664.18,4.22,136.39
Player_Apex_01,2026-09-29 14:01:31.109,420.12,371.23,8.53,120.96
Player_Viper_02,2026-09-29 14:01:31.203,492.15,542.18,7.92,236.63
Player_Phoenix_06,2026-09-29 14:01:31.253,854.14,114.79,11.56,157.06
Player_Cipher_10,2026-09-29 14:01:31.309,587.46,584.82,7.07,301.26
Player_Echo_09,2026-09-29 14:01:31.371,213.22,345.08,11.62,269.32
Player_Ghost_03,2026-09-29 14:01:31.392,711.76,187.29,9.3,119.46
Player_Titan_04,2026-09-29 14:01:31.411,362.89,429.9,7.51,30.47
Player_Nova_05,2026-09-29 14:01:31.416,575.49,553.89,10.7,113.17
Player_Shadow_08,2026-09-29 14:01:31.552,442.91,858.62,8.34,261.85
Player_Apex_01,2026-09-29 14:01:31.622,419.45,373.38,3.76,107.29
Player_Spectre_07,2026-09-29 14:01:31.642,342.37,668.68,11.37,138.72
Player_Phoenix_06,2026-09-29 14:01:31.717,849.65,116.8,8.2,155.9
Player_Viper_02,2026-09-29 14:01:31.732,489.75,538.42,7.44,237.48
Player_Cipher_10,2026-09-29 14:01:31.820,589.07,582.46,4.75,304.2
Player_Echo_09,2026-09-29 14:01:31.853,212.59,338.59,10.88,264.52
Player_Ghost_03,2026-09-29 14:01:31.894,711.51,191.98,7.84,93.14
Player_Nova_05,2026-09-29 14:01:31.989,573.5,558.22,7.94,114.78
Player_Titan_04,2026-09-29 14:01:31.990,366.75,432.73,7.98,36.1
Player_Spectre_07,2026-09-29 14:01:32.119,340.63,670.17,3.81,139.35
Player_Shadow_08,2026-09-29 14:01:32.172,442.95,854.89,6.23,270.63
Player_Apex_01,2026-09-29 14:01:32.193,419.14,375.35,3.33,98.9
Player_Viper_02,2026-09-29 14:01:32.246,433.86,469.24,59.29,237.48
Player_Phoenix_06,2026-09-29 14:01:32.247,845.5,118.81,7.67,154.19
Player_Echo_09,2026-09-29 14:01:32.355,212.37,333.54,8.43,267.47
Player_Cipher_10,2026-09-29 14:01:32.422,593.69,584.36,17.13,304.2
Player_Ghost_03,2026-09-29 14:01:32.491,712.45,194.12,3.89,66.1
Player_Nova_05,2026-09-29 14:01:32.495,571.71,562.11,7.14,114.64
Player_Titan_04,2026-09-29 14:01:32.582,368.88,434.07,4.2,32.28
Player_Spectre_07,2026-09-29 14:01:32.607,338.09,672.38,5.61,138.98
Player_Phoenix_06,2026-09-29 14:01:32.787,539.41,50.0,61.88,154.19
Player_Shadow_08,2026-09-29 14:01:32.804,443.09,853.09,3.0,274.51
Player_Apex_01,2026-09-29 14:01:32.822,419.62,380.41,8.47,84.57
Player_Cipher_10,2026-09-29 14:01:32.880,596.46,580.21,8.31,303.66
Player_Echo_09,2026-09-29 14:01:32.884,211.75,328.85,7.87,262.44
Player_Viper_02,2026-09-29 14:01:32.895,377.19,400.07,59.61,237.48
Player_Ghost_03,2026-09-29 14:01:33.024,715.54,196.98,7.02,42.86
Player_Nova_05,2026-09-29 14:01:33.035,569.62,564.26,4.99,134.21
Player_Titan_04,2026-09-29 14:01:33.098,374.66,438.25,11.88,35.86
Player_Spectre_07,2026-09-29 14:01:33.132,333.49,676.56,10.36,137.74
Player_Phoenix_06,2026-09-29 14:01:33.279,535.55,60.0,8.52,138.99
Player_Cipher_10,2026-09-29 14:01:33.341,598.22,577.59,5.27,304.0
Player_Shadow_08,2026-09-29 14:01:33.386,443.32,847.51,9.3,272.3
Player_Viper_02,2026-09-29 14:01:33.439,373.74,395.6,9.42,232.33
Player_Apex_01,2026-09-29 14:01:33.463,420.25,382.81,4.13,75.23
Player_Echo_09,2026-09-29 14:01:33.489,211.5,323.65,8.68,267.23
Player_Nova_05,2026-09-29 14:01:33.508,565.58,565.92,7.28,157.65
Player_Ghost_03,2026-09-29 14:01:33.599,719.47,199.02,7.38,27.45
Player_Spectre_07,2026-09-29 14:01:33.703,329.43,679.76,8.62,141.68
Player_Titan_04,2026-09-29 14:01:33.722,376.77,439.71,4.28,34.76
Player_Shadow_08,2026-09-29 14:01:33.861,25.71,15.62,28.92,272.3
Player_Cipher_10,2026-09-29 14:01:33.871,602.58,571.94,11.88,307.66
Player_Phoenix_06,2026-09-29 14:01:33.929,532.29,63.37,7.81,134.04
Player_Viper_02,2026-09-29 14:01:33.987,369.82,391.5,9.45,226.29
Player_Apex_01,2026-09-29 14:01:33.992,420.6,387.36,7.61,85.71
Player_Nova_05,2026-09-29 14:01:34.099,560.3,566.71,8.9,171.48
Player_Echo_09,2026-09-29 14:01:34.101,211.77,318.58,8.47,273.1
Player_Ghost_03,2026-09-29 14:01:34.205,723.36,200.16,6.76,16.26
Player_Spectre_07,2026-09-29 14:01:34.227,325.86,686.4,12.56,118.31
Player_Titan_04,2026-09-29 14:01:34.229,380.41,442.11,7.26,33.4
Player_Phoenix_06,2026-09-29 14:01:34.387,528.48,68.38,10.49,127.29
Player_Shadow_08,2026-09-29 14:01:34.445,60.0,60.0,7.06,295.26
Player_Cipher_10,2026-09-29 14:01:34.513,604.39,569.7,4.81,308.8
Player_Viper_02,2026-09-29 14:01:34.531,365.22,386.68,11.11,226.36
Player_Apex_01,2026-09-29 14:01:34.538,420.47,390.36,5.01,92.3
Player_Echo_09,2026-09-29 14:01:34.643,213.43,315.07,6.47,295.3
Player_Nova_05,2026-09-29 14:01:34.695,554.71,566.57,9.31,181.42
Player_Titan_04,2026-09-29 14:01:34.763,384.0,445.06,7.74,39.41
Player_Ghost_03,2026-09-29 14:01:34.772,728.51,200.88,8.67,7.95
Player_Spectre_07,2026-09-29 14:01:34.810,325.86,692.04,9.4,89.99
Player_Phoenix_06,2026-09-29 14:01:34.932,527.11,70.68,4.47,120.86
Player_Shadow_08,2026-09-29 14:01:34.962,65.91,60.0,12.95,319.57
Player_Cipher_10,2026-09-29 14:01:35.155,606.1,567.26,4.95,305.07
Player_Apex_01,2026-09-29 14:01:35.164,419.65,394.75,7.45,100.59
Player_Viper_02,2026-09-29 14:01:35.167,360.15,381.42,12.18,226.06
Player_Nova_05,2026-09-29 14:01:35.193,549.69,565.63,8.51,190.56
Player_Echo_09,2026-09-29 14:01:35.201,217.38,311.56,8.8,318.31
Player_Titan_04,2026-09-29 14:01:35.243,388.08,448.79,9.22,42.51
Player_Ghost_03,2026-09-29 14:01:35.298,733.46,200.3,8.3,353.3
Player_Spectre_07,2026-09-29 14:01:35.425,327.34,696.49,7.81,71.64
Player_Phoenix_06,2026-09-29 14:01:35.459,525.75,72.53,3.83,126.2
Player_Shadow_08,2026-09-29 14:01:35.588,71.75,60.0,10.76,334.61
Player_Viper_02,2026-09-29 14:01:35.663,358.66,379.89,3.56,225.69
Player_Apex_01,2026-09-29 14:01:35.691,418.75,397.41,4.68,108.75
Player_Nova_05,2026-09-29 14:01:35.710,546.95,564.64,4.86,199.99
Player_Echo_09,2026-09-29 14:01:35.774,224.22,309.34,12.0,342.03
Player_Cipher_10,2026-09-29 14:01:35.777,608.67,562.62,8.84,299.0
Player_Ghost_03,2026-09-29 14:01:35.828,735.71,200.04,3.77,353.44
Player_Titan_04,2026-09-29 14:01:35.851,380.45,451.2,26.67,42.51
Player_Phoenix_06,2026-09-29 14:01:35.960,523.95,75.0,5.1,126.1
Player_Spectre_07,2026-09-29 14:01:36.010,329.57,700.13,7.11,58.45
Player_Shadow_08,2026-09-29 14:01:36.079,64.4,63.16,19.29,334.61
Player_Cipher_10,2026-09-29 14:01:36.252,609.86,560.08,4.67,295.15
Player_Viper_02,2026-09-29 14:01:36.282,355.11,376.84,7.8,220.67
Player_Apex_01,2026-09-29 14:01:36.285,416.63,402.05,8.5,114.59
Player_Nova_05,2026-09-29 14:01:36.318,544.59,563.46,4.4,206.59
Player_Titan_04,2026-09-29 14:01:36.398,385.29,455.85,11.2,43.86
Player_Echo_09,2026-09-29 14:01:36.418,229.2,309.05,8.3,356.69
Player_Ghost_03,2026-09-29 14:01:36.455,740.69,199.6,8.34,355.02
Player_Spectre_07,2026-09-29 14:01:36.493,332.94,703.12,7.51,41.58
Player_Phoenix_06,2026-09-29 14:01:36.533,520.97,79.8,9.41,121.78
Player_Shadow_08,2026-09-29 14:01:36.709,70.09,62.91,9.49,357.47
Player_Viper_02,2026-09-29 14:01:36.774,352.84,374.99,4.87,219.15
Player_Nova_05,2026-09-29 14:01:36.788,541.0,561.05,7.2,213.81
Player_Cipher_10,2026-09-29 14:01:36.799,611.02,557.43,4.83,293.49
Player_Apex_01,2026-09-29 14:01:36.829,415.64,404.35,4.16,113.23
Player_Titan_04,2026-09-29 14:01:36.886,377.67,458.29,27.87,43.86
Player_Spectre_07,2026-09-29 14:01:37.001,336.66,705.26,7.15,29.87
Player_Echo_09,2026-09-29 14:01:37.009,233.92,309.41,7.9,4.37
Player_Ghost_03,2026-09-29 14:01:37.052,745.35,198.59,7.96,347.7
Player_Phoenix_06,2026-09-29 14:01:37.106,518.58,84.18,8.31,118.73
Player_Shadow_08,2026-09-29 14:01:37.275,76.38,63.92,10.63,9.11
Player_Cipher_10,2026-09-29 14:01:37.290,613.66,551.78,10.38,295.1
Player_Viper_02,2026-09-29 14:01:37.314,349.61,372.38,6.93,218.87
Player_Apex_01,2026-09-29 14:01:37.386,412.31,410.68,11.93,117.74
Player_Nova_05,2026-09-29 14:01:37.433,536.03,556.58,11.14,221.98
Player_Titan_04,2026-09-29 14:01:37.453,379.15,450.43,18.81,43.86
Player_Spectre_07,2026-09-29 14:01:37.463,342.71,708.36,11.32,27.16
Player_Echo_09,2026-09-29 14:01:37.575,238.06,310.76,7.25,18.02
Player_Phoenix_06,2026-09-29 14:01:37.592,515.46,90.9,12.36,114.84
Player_Ghost_03,2026-09-29 14:01:37.679,748.01,197.95,4.55,346.5
Player_Cipher_10,2026-09-29 14:01:37.763,614.82,549.58,4.15,297.91
Player_Viper_02,2026-09-29 14:01:37.778,276.97,321.95,58.95,218.87
Player_Shadow_08,2026-09-29 14:01:37.819,83.21,67.19,12.62,25.62
Player_Nova_05,2026-09-29 14:01:37.978,531.45,551.99,10.8,225.06
Player_Titan_04,2026-09-29 14:01:37.988,382.66,453.68,7.98,42.79
Player_Apex_01,2026-09-29 14:01:37.998,411.01,413.09,4.57,118.44
Player_Spectre_07,2026-09-29 14:01:38.071,346.9,710.05,7.54,21.99
Player_Echo_09,2026-09-29 14:01:38.110,240.34,311.97,4.31,28.13
Player_Ghost_03,2026-09-29 14:01:38.171,752.22,196.86,7.26,345.47
Player_Phoenix_06,2026-09-29 14:01:38.174,513.5,94.95,7.5,115.81
Player_Shadow_08,2026-09-29 14:01:38.297,50.0,50.0,84.67,25.62
Player_Cipher_10,2026-09-29 14:01:38.387,616.24,547.28,4.5,301.64
Player_Viper_02,2026-09-29 14:01:38.419,274.72,320.09,4.87,219.58
Player_Titan_04,2026-09-29 14:01:38.439,386.6,456.69,8.26,37.38
Player_Apex_01,2026-09-29 14:01:38.493,408.51,416.86,7.53,123.51
Player_Spectre_07,2026-09-29 14:01:38.565,351.75,710.94,8.22,10.45
Player_Nova_05,2026-09-29 14:01:38.575,526.19,547.65,11.37,219.53
Player_Echo_09,2026-09-29 14:01:38.608,236.79,315.5,18.95,28.13
Player_Ghost_03,2026-09-29 14:01:38.736,758.26,195.04,10.51,343.29
Player_Phoenix_06,2026-09-29 14:01:38.741,512.69,97.45,4.38,107.99
Player_Shadow_08,2026-09-29 14:01:38.871,43.18,54.18,22.22,25.62
Player_Cipher_10,2026-09-29 14:01:38.965,618.59,543.63,7.23,302.73
Player_Viper_02,2026-09-29 14:01:39.024,272.38,318.08,5.15,220.7
Player_Titan_04,2026-09-29 14:01:39.036,391.14,459.56,8.95,32.36
Player_Spectre_07,2026-09-29 14:01:39.054,358.62,711.12,11.45,1.45
Player_Apex_01,2026-09-29 14:01:39.080,404.63,422.46,11.36,124.76
Player_Nova_05,2026-09-29 14:01:39.155,523.11,543.5,8.63,233.4
Player_Echo_09,2026-09-29 14:01:39.159,240.19,317.84,6.87,34.49
Player_Phoenix_06,2026-09-29 14:01:39.270,511.54,102.08,7.95,103.92
Player_Ghost_03,2026-09-29 14:01:39.310,764.41,192.87,10.87,340.54
Player_Shadow_08,2026-09-29 14:01:39.399,60.0,60.0,10.93,32.67
Player_Titan_04,2026-09-29 14:01:39.508,384.48,455.12,22.03,32.36
Player_Viper_02,2026-09-29 14:01:39.534,268.67,314.69,8.37,222.45
Player_Cipher_10,2026-09-29 14:01:39.611,620.88,539.67,7.63,300.1
Player_Nova_05,2026-09-29 14:01:39.618,519.26,537.9,11.32,235.48
Player_Spectre_07,2026-09-29 14:01:39.651,362.03,710.91,5.69,356.6
Player_Apex_01,2026-09-29 14:01:39.681,400.62,428.63,12.27,123.0
Player_Phoenix_06,2026-09-29 14:01:39.742,510.76,104.49,4.23,107.99
Player_Echo_09,2026-09-29 14:01:39.773,245.48,321.77,10.98,36.68
Player_Ghost_03,2026-09-29 14:01:39.889,769.35,190.69,8.99,336.18
Player_Shadow_08,2026-09-29 14:01:39.974,50.0,406.24,59.46,32.67
Player_Nova_05,2026-09-29 14:01:40.076,516.54,533.63,8.44,237.46
Player_Titan_04,2026-09-29 14:01:40.080,388.81,457.42,8.16,27.95
Player_Viper_02,2026-09-29 14:01:40.129,221.63,273.87,41.52,222.45
Player_Apex_01,2026-09-29 14:01:40.153,397.62,432.87,8.65,125.33
Player_Cipher_10,2026-09-29 14:01:40.153,622.69,536.9,5.51,303.19
Player_Spectre_07,2026-09-29 14:01:40.244,368.97,711.03,11.57,0.95
Player_Echo_09,2026-09-29 14:01:40.254,247.85,323.22,4.63,31.31
Player_Phoenix_06,2026-09-29 14:01:40.388,509.39,109.12,8.05,106.54
Player_Shadow_08,2026-09-29 14:01:40.510,60.0,408.4,7.87,27.27
Player_Ghost_03,2026-09-29 14:01:40.520,772.08,189.66,4.87,339.26
Player_Titan_04,2026-09-29 14:01:40.533,392.97,459.56,7.79,27.19
Player_Nova_05,2026-09-29 14:01:40.570,513.04,529.6,8.89,229.1
Player_Viper_02,2026-09-29 14:01:40.673,220.08,270.18,6.67,247.2
Player_Spectre_07,2026-09-29 14:01:40.731,371.36,711.26,3.99,5.45
Player_Apex_01,2026-09-29 14:01:40.748,395.92,434.98,4.51,128.74
Player_Cipher_10,2026-09-29 14:01:40.785,624.22,534.22,5.15,299.68
Player_Echo_09,2026-09-29 14:01:40.815,251.41,325.78,7.32,35.77
Player_Phoenix_06,2026-09-29 14:01:40.917,508.79,110.92,3.15,108.54
Player_Ghost_03,2026-09-29 14:01:40.977,774.4,188.52,4.31,333.88
Player_Titan_04,2026-09-29 14:01:40.987,395.21,460.73,4.22,27.62
Player_Shadow_08,2026-09-29 14:01:41.115,59.81,400.4,25.62,27.27
Player_Nova_05,2026-09-29 14:01:41.137,510.4,528.28,4.93,206.6
Player_Viper_02,2026-09-29 14:01:41.258,220.4,265.29,8.17,273.7
Player_Spectre_07,2026-09-29 14:01:41.258,376.22,710.71,8.16,353.6
Player_Apex_01,2026-09-29 14:01:41.281,392.99,438.59,7.75,129.1
Player_Echo_09,2026-09-29 14:01:41.354,255.52,328.19,7.93,30.34
Player_Cipher_10,2026-09-29 14:01:41.391,625.82,530.31,7.04,292.28
Player_Phoenix_06,2026-09-29 14:01:41.440,507.52,115.65,8.17,104.92
Player_Ghost_03,2026-09-29 14:01:41.484,778.91,186.69,8.11,337.91
Player_Titan_04,2026-09-29 14:01:41.614,397.15,461.8,3.69,28.9
Player_Nova_05,2026-09-29 14:01:41.735,503.5,527.9,11.51,183.13
Player_Shadow_08,2026-09-29 14:01:41.735,64.8,402.71,9.16,24.8
Player_Viper_02,2026-09-29 14:01:41.737,225.13,201.42,42.7,273.7
Player_Apex_01,2026-09-29 14:01:41.818,388.76,443.97,11.41,128.1
Player_Spectre_07,2026-09-29 14:01:41.825,383.36,708.62,12.39,343.67
Player_Phoenix_06,2026-09-29 14:01:41.920,506.72,118.04,4.2,108.51
Player_Cipher_10,2026-09-29 14:01:41.968,625.41,526.18,6.92,264.24
Player_Echo_09,2026-09-29 14:01:41.982,259.85,330.81,8.44,31.22
Player_Ghost_03,2026-09-29 14:01:42.124,783.72,185.37,8.31,344.72
Player_Titan_04,2026-09-29 14:01:42.192,404.01,465.33,12.86,27.21
Player_Nova_05,2026-09-29 14:01:42.232,498.69,529.54,8.47,161.19
Player_Viper_02,2026-09-29 14:01:42.330,227.2,197.78,6.98,299.66
Player_Shadow_08,2026-09-29 14:01:42.344,66.9,403.68,3.85,24.83
Player_Apex_01,2026-09-29 14:01:42.410,385.35,440.32,16.51,128.1
Player_Spectre_07,2026-09-29 14:01:42.414,387.93,706.76,8.23,337.79
Player_Echo_09,2026-09-29 14:01:42.495,262.77,334.58,7.95,52.23
Player_Phoenix_06,2026-09-29 14:01:42.529,505.8,123.06,8.5,100.41
Player_Cipher_10,2026-09-29 14:01:42.618,622.95,521.83,8.33,240.58
Player_Titan_04,2026-09-29 14:01:42.718,408.16,466.99,7.46,21.87
Player_Ghost_03,2026-09-29 14:01:42.720,790.17,183.3,11.28,342.19
Player_Viper_02,2026-09-29 14:01:42.834,232.9,193.15,12.24,320.87
Player_Nova_05,2026-09-29 14:01:42.838,495.18,532.4,7.54,140.83
Player_Shadow_08,2026-09-29 14:01:42.895,71.33,405.89,8.25,26.57
Player_Spectre_07,2026-09-29 14:01:42.985,391.48,704.26,7.23,324.97
Player_Apex_01,2026-09-29 14:01:42.985,382.33,444.42,8.48,126.39
Player_Cipher_10,2026-09-29 14:01:43.111,619.57,518.17,8.3,227.2
Player_Echo_09,2026-09-29 14:01:43.118,263.67,337.22,4.63,71.25
Player_Phoenix_06,2026-09-29 14:01:43.119,505.16,127.24,7.05,98.69
Player_Ghost_03,2026-09-29 14:01:43.263,794.6,181.67,7.88,339.84
Player_Titan_04,2026-09-29 14:01:43.302,414.57,469.74,11.63,23.15
Player_Nova_05,2026-09-29 14:01:43.395,490.64,538.43,12.58,126.92
Player_Viper_02,2026-09-29 14:01:43.409,235.69,192.21,4.91,341.5
Player_Shadow_08,2026-09-29 14:01:43.458,78.11,409.12,12.53,25.43
Player_Spectre_07,2026-09-29 14:01:43.581,395.23,701.2,8.07,320.7
Player_Apex_01,2026-09-29 14:01:43.617,380.51,447.35,5.76,121.88
Player_Phoenix_06,2026-09-29 14:01:43.641,504.55,131.91,7.85,97.48
Player_Cipher_10,2026-09-29 14:01:43.654,615.79,515.0,8.21,219.98
Player_Echo_09,2026-09-29 14:01:43.722,264.51,341.15,6.71,77.85
Player_Ghost_03,2026-09-29 14:01:43.825,797.46,180.63,5.07,339.92
Player_Titan_04,2026-09-29 14:01:43.839,419.19,471.74,8.39,23.46
Player_Viper_02,2026-09-29 14:01:43.903,238.4,192.08,4.52,357.25
Player_Nova_05,2026-09-29 14:01:43.916,488.34,544.28,10.47,111.47
Player_Shadow_08,2026-09-29 14:01:44.089,50.0,120.63,70.89,25.43
Player_Apex_01,2026-09-29 14:01:44.123,378.54,451.08,7.03,117.83
Player_Spectre_07,2026-09-29 14:01:44.144,399.37,696.91,9.93,313.95
Player_Phoenix_06,2026-09-29 14:01:44.177,504.33,133.8,3.18,96.69
Player_Cipher_10,2026-09-29 14:01:44.221,611.85,512.33,7.94,214.13
Player_Echo_09,2026-09-29 14:01:44.326,264.82,343.71,4.3,83.14
Player_Titan_04,2026-09-29 14:01:44.331,424.04,473.96,8.89,24.64
Player_Ghost_03,2026-09-29 14:01:44.442,803.19,177.91,10.57,334.62
Player_Viper_02,2026-09-29 14:01:44.527,242.85,193.05,7.59,12.29
Player_Nova_05,2026-09-29 14:01:44.541,487.13,548.95,8.04,104.59
Player_Shadow_08,2026-09-29 14:01:44.552,60.0,122.67,7.97,25.22
Player_Spectre_07,2026-09-29 14:01:44.604,403.16,693.51,8.48,318.14
Player_Apex_01,2026-09-29 14:01:44.667,375.76,455.45,8.63,122.38
Player_Cipher_10,2026-09-29 14:01:44.784,609.01,511.13,5.13,203.02
Player_Phoenix_06,2026-09-29 14:01:44.799,765.09,462.19,74.07,96.69
Player_Echo_09,2026-09-29 14:01:44.805,264.65,350.8,11.82,91.41
Player_Titan_04,2026-09-29 14:01:44.839,426.41,475.05,4.36,24.64
Player_Ghost_03,2026-09-29 14:01:45.007,805.61,176.34,4.8,326.84
Player_Nova_05,2026-09-29 14:01:45.051,486.68,551.7,4.65,99.34
Player_Shadow_08,2026-09-29 14:01:45.130,65.55,125.53,10.4,27.21
Player_Spectre_07,2026-09-29 14:01:45.156,406.55,690.26,7.83,316.21
Player_Viper_02,2026-09-29 14:01:45.158,318.91,226.96,55.52,12.29
Player_Titan_04,2026-09-29 14:01:45.294,431.57,477.51,9.52,25.52
Player_Apex_01,2026-09-29 14:01:45.307,372.92,459.69,8.5,123.91
Player_Echo_09,2026-09-29 14:01:45.356,264.64,353.57,4.6,90.16
Player_Cipher_10,2026-09-29 14:01:45.379,604.84,509.88,7.25,196.66
Player_Phoenix_06,2026-09-29 14:01:45.410,762.0,466.63,9.02,124.83
Player_Ghost_03,2026-09-29 14:01:45.487,810.43,172.78,9.99,323.6
Player_Shadow_08,2026-09-29 14:01:45.626,68.61,127.43,6.01,31.81
Player_Viper_02,2026-09-29 14:01:45.648,323.17,228.62,7.63,21.28
Player_Spectre_07,2026-09-29 14:01:45.689,409.73,686.62,8.06,311.17
Player_Nova_05,2026-09-29 14:01:45.690,486.45,554.93,5.39,93.95
Player_Apex_01,2026-09-29 14:01:45.835,371.63,461.68,3.96,122.83
Player_Echo_09,2026-09-29 14:01:45.854,264.09,359.07,9.22,95.72
Player_Titan_04,2026-09-29 14:01:45.910,435.55,479.22,7.22,23.22
Player_Cipher_10,2026-09-29 14:01:45.933,602.53,509.34,3.95,193.22
Player_Phoenix_06,2026-09-29 14:01:45.939,758.29,468.72,7.09,150.6
Player_Ghost_03,2026-09-29 14:01:46.087,815.44,169.47,9.99,326.58
Player_Viper_02,2026-09-29 14:01:46.190,325.5,229.77,4.31,26.21
Player_Spectre_07,2026-09-29 14:01:46.195,411.23,684.93,3.75,311.62
Player_Shadow_08,2026-09-29 14:01:46.256,71.0,128.67,4.48,27.62
Player_Nova_05,2026-09-29 14:01:46.267,486.83,559.31,7.34,85.04
Player_Apex_01,2026-09-29 14:01:46.315,369.24,465.47,7.46,122.31
Player_Cipher_10,2026-09-29 14:01:46.476,597.64,508.49,8.28,189.75
Player_Echo_09,2026-09-29 14:01:46.481,263.13,364.15,8.61,100.67
Player_Phoenix_06,2026-09-29 14:01:46.525,753.61,469.79,7.99,167.1
Player_Titan_04,2026-09-29 14:01:46.557,441.72,482.2,11.42,25.76
Player_Ghost_03,2026-09-29 14:01:46.646,820.58,168.71,8.67,351.56
Player_Spectre_07,2026-09-29 14:01:46.666,414.41,681.44,7.88,312.23
Player_Viper_02,2026-09-29 14:01:46.675,329.36,232.2,7.62,32.23
Player_Apex_01,2026-09-29 14:01:46.814,366.52,469.34,7.88,125.07
Player_Shadow_08,2026-09-29 14:01:46.842,73.29,130.17,4.57,33.18
Player_Nova_05,2026-09-29 14:01:46.853,487.28,563.3,6.69,83.57
Player_Cipher_10,2026-09-29 14:01:46.947,593.33,507.75,7.28,189.78
Player_Echo_09,2026-09-29 14:01:47.028,262.14,369.04,8.31,101.49
Player_Phoenix_06,2026-09-29 14:01:47.120,746.44,469.48,11.97,182.43
Player_Spectre_07,2026-09-29 14:01:47.138,416.91,677.83,7.31,304.83
Player_Ghost_03,2026-09-29 14:01:47.148,825.13,170.09,7.92,16.84
Player_Titan_04,2026-09-29 14:01:47.176,435.48,487.21,19.16,25.76
Player_Viper_02,2026-09-29 14:01:47.271,332.69,235.04,7.28,40.38
Player_Shadow_08,2026-09-29 14:01:47.297,75.13,131.44,3.72,34.71
Player_Nova_05,2026-09-29 14:01:47.446,487.73,566.57,5.5,82.2
Player_Apex_01,2026-09-29 14:01:47.458,365.2,471.56,4.31,120.82
Player_Cipher_10,2026-09-29 14:01:47.571,590.27,507.39,5.14,186.81
Player_Echo_09,2026-09-29 14:01:47.664,260.97,373.03,6.93,106.27
Player_Phoenix_06,2026-09-29 14:01:47.689,741.67,468.69,8.07,189.43
Player_Titan_04,2026-09-29 14:01:47.739,440.52,488.51,8.68,14.52
Player_Spectre_07,2026-09-29 14:01:47.742,421.27,671.5,12.82,304.52
Player_Ghost_03,2026-09-29 14:01:47.750,828.73,173.05,7.77,39.52
Player_Viper_02,2026-09-29 14:01:47.877,336.13,238.07,7.65,41.46
Player_Shadow_08,2026-09-29 14:01:47.882,77.06,132.91,4.05,37.09
Player_Nova_05,2026-09-29 14:01:47.937,488.43,571.43,8.18,81.86
Player_Apex_01,2026-09-29 14:01:47.957,362.8,475.4,7.55,121.97
Player_Cipher_10,2026-09-29 14:01:48.083,586.86,506.91,5.75,188.02
Player_Echo_09,2026-09-29 14:01:48.202,260.38,375.38,4.04,104.25
Player_Titan_04,2026-09-29 14:01:48.228,443.13,489.06,4.45,11.75
Player_Ghost_03,2026-09-29 14:01:48.274,831.61,177.08,8.26,54.35
Player_Spectre_07,2026-09-29 14:01:48.284,423.81,668.2,6.93,307.69
Player_Phoenix_06,2026-09-29 14:01:48.335,738.62,467.64,5.37,198.96
Player_Shadow_08,2026-09-29 14:01:48.357,79.76,134.49,5.22,30.39
Player_Viper_02,2026-09-29 14:01:48.510,339.41,241.71,8.16,48.0
Player_Nova_05,2026-09-29 14:01:48.548,489.43,575.82,7.51,77.11
Player_Cipher_10,2026-09-29 14:01:48.559,581.61,505.86,8.92,191.28
Player_Apex_01,2026-09-29 14:01:48.588,359.46,481.55,11.67,118.5
Player_Titan_04,2026-09-29 14:01:48.785,447.9,490.13,8.15,12.7
Player_Spectre_07,2026-09-29 14:01:48.832,426.41,665.09,6.76,309.83
Player_Echo_09,2026-09-29 14:01:48.843,258.42,382.53,12.36,105.29
Player_Ghost_03,2026-09-29 14:01:48.897,834.07,181.75,8.79,62.28
Player_Phoenix_06,2026-09-29 14:01:48.942,735.96,466.29,4.97,207.03
Player_Shadow_08,2026-09-29 14:01:49.003,465.49,50.0,60.04,30.39
Player_Cipher_10,2026-09-29 14:01:49.027,576.46,505.44,8.61,184.63
Player_Nova_05,2026-09-29 14:01:49.090,490.5,580.34,7.75,76.66
Player_Viper_02,2026-09-29 14:01:49.107,404.59,325.95,71.01,48.0
Player_Apex_01,2026-09-29 14:01:49.179,357.2,485.51,7.59,119.63
Player_Titan_04,2026-09-29 14:01:49.390,454.4,491.83,11.2,14.69
Player_Spectre_07,2026-09-29 14:01:49.396,429.56,661.77,7.62,313.52
Player_Echo_09,2026-09-29 14:01:49.418,253.53,381.49,20.64,105.29
Player_Ghost_03,2026-09-29 14:01:49.452,836.32,187.94,10.97,70.03
Player_Shadow_08,2026-09-29 14:01:49.467,467.32,60.0,4.53,47.55
Player_Nova_05,2026-09-29 14:01:49.545,491.2,585.36,8.45,82.15
Player_Phoenix_06,2026-09-29 14:01:49.562,731.26,463.47,9.13,210.93
Player_Cipher_10,2026-09-29 14:01:49.566,569.81,504.94,11.11,184.3
Player_Viper_02,2026-09-29 14:01:49.672,405.95,327.64,3.61,51.21
Player_Apex_01,2026-09-29 14:01:49.821,354.9,489.85,8.19,117.98
Player_Ghost_03,2026-09-29 14:01:49.934,836.79,190.26,3.96,78.41
Player_Spectre_07,2026-09-29 14:01:49.959,433.21,657.74,9.06,312.16
Player_Titan_04,2026-09-29 14:01:49.970,456.92,492.52,4.34,15.35
Player_Echo_09,2026-09-29 14:01:49.974,253.13,383.29,3.07,102.49
Player_Shadow_08,2026-09-29 14:01:49.999,471.23,66.23,12.25,57.9
Player_Cipher_10,2026-09-29 14:01:50.135,566.78,504.69,5.07,184.83
Player_Phoenix_06,2026-09-29 14:01:50.136,950.0,805.72,54.32,210.93
Player_Nova_05,2026-09-29 14:01:50.150,492.23,590.17,8.2,77.88
Player_Viper_02,2026-09-29 14:01:50.321,409.24,331.7,8.71,50.93
Player_Apex_01,2026-09-29 14:01:50.391,352.4,495.64,10.51,113.33
Player_Titan_04,2026-09-29 14:01:50.447,461.8,493.98,8.49,16.56
Player_Spectre_07,2026-09-29 14:01:50.450,435.69,654.44,6.88,306.96
Player_Shadow_08,2026-09-29 14:01:50.462,473.38,71.0,8.72,65.76
Player_Ghost_03,2026-09-29 14:01:50.466,837.38,195.02,7.99,82.94
Player_Echo_09,2026-09-29 14:01:50.519,252.13,388.43,8.73,101.04
Player_Nova_05,2026-09-29 14:01:50.644,493.13,595.44,8.91,80.33
Player_Cipher_10,2026-09-29 14:01:50.686,562.43,504.2,7.3,186.38
Player_Phoenix_06,2026-09-29 14:01:50.740,940.0,803.07,7.31,217.2
Player_Viper_02,2026-09-29 14:01:50.804,411.22,334.06,5.14,50.07
Player_Apex_01,2026-09-29 14:01:50.905,349.8,501.94,11.35,112.41
Player_Spectre_07,2026-09-29 14:01:51.006,437.48,651.94,5.12,305.53
Player_Titan_04,2026-09-29 14:01:51.030,465.98,497.27,8.87,38.28
Player_Shadow_08,2026-09-29 14:01:51.038,475.94,78.0,12.42,69.89
Player_Ghost_03,2026-09-29 14:01:51.041,837.38,200.05,8.38,90.06
Player_Echo_09,2026-09-29 14:01:51.097,250.5,395.32,11.8,103.28
Player_Cipher_10,2026-09-29 14:01:51.217,559.99,503.84,4.12,188.34
Player_Nova_05,2026-09-29 14:01:51.224,493.58,601.9,10.79,85.96
Player_Viper_02,2026-09-29 14:01:51.285,413.39,336.42,5.35,47.32
Player_Phoenix_06,2026-09-29 14:01:51.372,936.4,799.4,8.56,225.5
Player_Apex_01,2026-09-29 14:01:51.457,347.44,506.92,9.18,115.36
Player_Spectre_07,2026-09-29 14:01:51.509,439.26,649.0,5.73,301.18
Player_Titan_04,2026-09-29 14:01:51.555,469.62,503.53,12.07,59.8
Player_Shadow_08,2026-09-29 14:01:51.556,18.83,15.19,25.38,69.89
Player_Ghost_03,2026-09-29 14:01:51.587,837.18,207.29,12.07,91.53
Player_Echo_09,2026-09-29 14:01:51.594,249.17,401.54,10.6,102.1
Player_Nova_05,2026-09-29 14:01:51.771,494.5,608.21,10.62,81.76
Player_Cipher_10,2026-09-29 14:01:51.856,557.42,503.48,4.32,187.93
Player_Phoenix_06,2026-09-29 14:01:51.899,933.19,796.16,7.62,225.27
Player_Viper_02,2026-09-29 14:01:51.916,416.04,340.22,7.71,55.11
Player_Apex_01,2026-09-29 14:01:51.945,345.12,511.03,7.87,119.5
Player_Spectre_07,2026-09-29 14:01:52.044,441.92,644.69,8.44,301.67
Player_Ghost_03,2026-09-29 14:01:52.060,836.51,212.32,8.45,97.61
Player_Echo_09,2026-09-29 14:01:52.093,248.1,405.81,7.33,103.99
Player_Shadow_08,2026-09-29 14:01:52.178,16.17,7.64,22.46,69.89
Player_Titan_04,2026-09-29 14:01:52.181,470.24,506.83,5.6,79.31
Player_Nova_05,2026-09-29 14:01:52.263,495.31,613.16,8.37,80.62
Player_Cipher_10,2026-09-29 14:01:52.345,554.46,503.17,4.96,186.05
Player_Viper_02,2026-09-29 14:01:52.438,419.47,344.51,9.16,51.33
Player_Apex_01,2026-09-29 14:01:52.458,342.99,514.78,7.2,119.54
Player_Phoenix_06,2026-09-29 14:01:52.507,929.81,792.44,8.37,227.7
Player_Spectre_07,2026-09-29 14:01:52.516,446.07,647.48,18.49,301.67
Player_Ghost_03,2026-09-29 14:01:52.604,835.98,216.45,6.95,97.33
Player_Echo_09,2026-09-29 14:01:52.703,246.26,410.54,8.46,111.25
Player_Shadow_08,2026-09-29 14:01:52.790,60.0,60.0,4.62,64.92
Player_Titan_04,2026-09-29 14:01:52.802,462.86,503.75,24.69,79.31
Player_Nova_05,2026-09-29 14:01:52.869,495.59,615.82,4.45,84.03
Player_Cipher_10,2026-09-29 14:01:52.940,548.73,503.0,9.56,181.73
Player_Phoenix_06,2026-09-29 14:01:52.973,926.57,788.7,8.25,229.18
Player_Viper_02,2026-09-29 14:01:53.029,422.05,348.26,7.58,55.56
Player_Apex_01,2026-09-29 14:01:53.066,340.69,518.84,7.77,119.58
Player_Spectre_07,2026-09-29 14:01:53.147,447.62,645.47,4.22,307.72
Player_Echo_09,2026-09-29 14:01:53.173,244.95,414.85,7.51,107.0
Player_Ghost_03,2026-09-29 14:01:53.252,835.58,223.21,11.29,93.36
Player_Titan_04,2026-09-29 14:01:53.290,462.78,506.32,4.29,91.72
Player_Nova_05,2026-09-29 14:01:53.360,496.27,620.65,8.12,82.0
Player_Shadow_08,2026-09-29 14:01:53.378,62.8,64.07,8.23,55.49
Player_Cipher_10,2026-09-29 14:01:53.482,546.25,503.18,4.14,175.8
Player_Viper_02,2026-09-29 14:01:53.502,426.25,353.58,11.3,51.72
Player_Phoenix_06,2026-09-29 14:01:53.623,923.56,784.31,8.86,235.55
Player_Apex_01,2026-09-29 14:01:53.629,338.43,522.62,7.34,120.79
Player_Spectre_07,2026-09-29 14:01:53.694,452.03,639.55,12.31,306.62
Player_Echo_09,2026-09-29 14:01:53.710,243.69,419.36,7.81,105.5
Player_Ghost_03,2026-09-29 14:01:53.864,835.49,225.84,4.39,91.98
Player_Titan_04,2026-09-29 14:01:53.925,463.22,498.34,22.57,91.72
Player_Shadow_08,2026-09-29 14:01:53.936,64.39,65.96,4.12,49.94
Player_Cipher_10,2026-09-29 14:01:53.986,541.17,503.26,8.47,179.13
Player_Viper_02,2026-09-29 14:01:53.991,430.81,358.24,10.86,45.59
Player_Nova_05,2026-09-29 14:01:53.991,497.41,626.34,9.67,78.66
Player_Spectre_07,2026-09-29 14:01:54.221,454.38,635.58,7.69,300.7
Player_Apex_01,2026-09-29 14:01:54.224,335.47,527.3,9.23,122.39
Player_Phoenix_06,2026-09-29 14:01:54.250,921.82,781.82,5.06,235.03
Player_Echo_09,2026-09-29 14:01:54.354,242.14,424.0,8.15,108.6
Player_Ghost_03,2026-09-29 14:01:54.450,835.09,232.95,11.87,93.28
Player_Titan_04,2026-09-29 14:01:54.450,461.86,504.97,11.29,101.65
Player_Shadow_08,2026-09-29 14:01:54.504,67.38,69.04,7.15,45.82
Player_Cipher_10,2026-09-29 14:01:54.505,538.49,503.25,4.47,180.13
Player_Viper_02,2026-09-29 14:01:54.527,435.68,362.65,10.96,42.18
Player_Nova_05,2026-09-29 14:01:54.554,498.8,631.02,8.15,73.47
Player_Spectre_07,2026-09-29 14:01:54.789,455.96,633.19,4.77,303.48
Player_Echo_09,2026-09-29 14:01:54.805,241.29,427.27,5.63,104.44
Player_Apex_01,2026-09-29 14:01:54.869,332.87,531.56,8.32,121.39
Player_Phoenix_06,2026-09-29 14:01:54.882,918.64,777.98,8.32,230.36
Player_Titan_04,2026-09-29 14:01:54.910,460.34,508.7,6.71,112.06
Player_Viper_02,2026-09-29 14:01:54.984,439.27,366.01,8.19,43.03
Player_Shadow_08,2026-09-29 14:01:54.996,968.78,29.98,31.7,45.82
Player_Cipher_10,2026-09-29 14:01:55.025,531.77,504.3,11.34,171.1
Player_Ghost_03,2026-09-29 14:01:55.026,834.75,237.98,8.39,93.83
Player_Nova_05,2026-09-29 14:01:55.137,499.16,633.7,4.5,82.35
Player_Echo_09,2026-09-29 14:01:55.309,242.22,432.35,8.62,79.61
Player_Spectre_07,2026-09-29 14:01:55.315,458.59,629.16,8.03,303.13
Player_Apex_01,2026-09-29 14:01:55.359,331.46,533.69,4.26,123.42
Player_Phoenix_06,2026-09-29 14:01:55.450,916.07,774.05,7.83,236.81
Player_Shadow_08,2026-09-29 14:01:55.457,1020.41,77.59,46.82,45.82
Player_Titan_04,2026-09-29 14:01:55.469,458.64,512.63,7.15,113.43
Player_Viper_02,2026-09-29 14:01:55.501,442.09,369.28,7.2,49.22
Player_Cipher_10,2026-09-29 14:01:55.590,526.69,505.42,8.67,167.66
Player_Nova_05,2026-09-29 14:01:55.592,499.86,638.28,7.71,81.26
Player_Ghost_03,2026-09-29 14:01:55.623,834.43,241.81,6.42,94.72
Player_Apex_01,2026-09-29 14:01:55.913,328.82,537.71,8.01,123.31
Player_Titan_04,2026-09-29 14:01:55.930,454.06,506.07,19.71,113.43
Player_Spectre_07,2026-09-29 14:01:55.932,459.67,626.94,4.11,295.95
Player_Shadow_08,2026-09-29 14:01:55.938,940.0,84.86,12.43,77.04
Player_Echo_09,2026-09-29 14:01:55.953,245.25,436.3,8.29,52.49
Player_Phoenix_06,2026-09-29 14:01:55.978,914.56,772.1,4.11,232.33
Player_Cipher_10,2026-09-29 14:01:56.106,520.47,507.29,10.82,163.18
Player_Viper_02,2026-09-29 14:01:56.114,506.85,448.08,68.0,49.22
Player_Nova_05,2026-09-29 14:01:56.232,500.39,641.43,5.32,80.46
Player_Ghost_03,2026-09-29 14:01:56.247,834.28,246.54,7.88,91.87
Player_Apex_01,2026-09-29 14:01:56.422,325.26,543.24,10.96,122.77
Player_Titan_04,2026-09-29 14:01:56.471,451.14,510.88,9.37,121.27
Player_Shadow_08,2026-09-29 14:01:56.498,939.04,91.17,10.64,98.67
Player_Echo_09,2026-09-29 14:01:56.557,250.52,439.4,10.18,30.48
Player_Spectre_07,2026-09-29 14:01:56.558,461.53,623.04,7.21,295.45
Player_Phoenix_06,2026-09-29 14:01:56.580,911.61,768.81,7.37,228.12
Player_Cipher_10,2026-09-29 14:01:56.665,518.1,508.33,4.32,156.42
Player_Nova_05,2026-09-29 14:01:56.708,502.03,646.71,9.23,72.76
Player_Viper_02,2026-09-29 14:01:56.728,511.08,453.42,11.35,51.58
Player_Ghost_03,2026-09-29 14:01:56.814,834.34,249.46,4.86,88.81
Player_Apex_01,2026-09-29 14:01:56.890,322.58,547.5,8.4,122.1
Player_Spectre_07,2026-09-29 14:01:57.025,463.54,618.44,8.36,293.64
Player_Echo_09,2026-09-29 14:01:57.087,255.62,441.22,9.03,19.66
Player_Titan_04,2026-09-29 14:01:57.108,454.91,503.82,22.01,121.27
Player_Shadow_08,2026-09-29 14:01:57.122,937.02,97.2,10.59,108.51
Player_Nova_05,2026-09-29 14:01:57.171,503.64,651.1,7.79,69.83
Player_Phoenix_06,2026-09-29 14:01:57.199,498.2,367.39,72.45,228.12
Player_Cipher_10,2026-09-29 14:01:57.204,513.88,510.96,8.29,148.08
Player_Viper_02,2026-09-29 14:01:57.353,514.4,457.33,8.54,49.7
Player_Ghost_03,2026-09-29 14:01:57.380,829.37,248.91,17.21,88.81
Player_Apex_01,2026-09-29 14:01:57.500,320.77,549.95,5.08,126.58
Player_Spectre_07,2026-09-29 14:01:57.586,465.28,613.88,8.14,290.81
Player_Echo_09,2026-09-29 14:01:57.633,262.05,441.54,10.73,2.89
Player_Nova_05,2026-09-29 14:01:57.642,504.58,653.86,4.85,71.24
Player_Titan_04,2026-09-29 14:01:57.674,451.15,509.52,11.38,123.43
Player_Phoenix_06,2026-09-29 14:01:57.723,496.95,365.59,3.66,235.26
Player_Shadow_08,2026-09-29 14:01:57.753,934.45,103.19,10.86,113.28
Player_Viper_02,2026-09-29 14:01:57.843,516.42,459.32,4.73,44.52
Player_Cipher_10,2026-09-29 14:01:57.854,509.77,514.01,8.52,143.43
Player_Ghost_03,2026-09-29 14:01:57.863,828.6,256.28,12.35,95.96
Player_Apex_01,2026-09-29 14:01:57.979,316.33,554.81,10.96,132.38
Player_Echo_09,2026-09-29 14:01:58.108,260.47,446.29,20.35,2.89
Player_Nova_05,2026-09-29 14:01:58.191,506.44,658.52,8.37,68.27
Player_Spectre_07,2026-09-29 14:01:58.213,466.61,609.37,7.83,286.48
Player_Titan_04,2026-09-29 14:01:58.231,449.33,512.05,5.2,125.69
Player_Shadow_08,2026-09-29 14:01:58.290,931.89,107.02,7.68,123.7
Player_Phoenix_06,2026-09-29 14:01:58.347,494.5,360.96,8.72,242.08
Player_Ghost_03,2026-09-29 14:01:58.383,828.31,259.5,5.39,95.22
Player_Viper_02,2026-09-29 14:01:58.448,519.97,462.89,8.39,45.14
Player_Apex_01,2026-09-29 14:01:58.465,313.05,558.43,8.15,132.19
Player_Cipher_10,2026-09-29 14:01:58.481,505.58,517.77,9.38,138.07
Player_Echo_09,2026-09-29 14:01:58.593,265.27,445.66,8.07,352.58
Player_Spectre_07,2026-09-29 14:01:58.667,467.49,606.76,4.59,288.74
Player_Nova_05,2026-09-29 14:01:58.801,506.87,660.69,3.68,78.88
Player_Titan_04,2026-09-29 14:01:58.859,445.42,517.86,11.67,123.9
Player_Shadow_08,2026-09-29 14:01:58.917,903.85,189.25,57.92,123.7
Player_Phoenix_06,2026-09-29 14:01:58.970,492.09,355.99,9.22,244.17
Player_Viper_02,2026-09-29 14:01:58.986,524.12,467.19,9.96,46.04
Player_Ghost_03,2026-09-29 14:01:59.003,827.83,264.11,7.73,95.93
Player_Cipher_10,2026-09-29 14:01:59.083,502.14,521.26,8.18,134.65
Player_Apex_01,2026-09-29 14:01:59.106,309.85,561.46,7.35,136.61
Player_Spectre_07,2026-09-29 14:01:59.198,468.87,602.05,8.18,286.23
Player_Echo_09,2026-09-29 14:01:59.222,269.99,444.38,8.15,344.74
Player_Nova_05,2026-09-29 14:01:59.259,507.61,665.11,7.47,80.44
Player_Titan_04,2026-09-29 14:01:59.335,440.92,523.37,11.85,129.25
Player_Shadow_08,2026-09-29 14:01:59.369,899.06,194.56,11.92,132.12
Player_Phoenix_06,2026-09-29 14:01:59.508,490.36,350.98,8.82,250.93
Player_Ghost_03,2026-09-29 14:01:59.531,827.52,268.76,7.76,93.8
Player_Cipher_10,2026-09-29 14:01:59.570,497.19,525.71,11.1,138.0
Player_Viper_02,2026-09-29 14:01:59.579,525.94,468.92,4.18,43.46
Player_Spectre_07,2026-09-29 14:01:59.661,470.82,596.34,10.07,288.92
Player_Apex_01,2026-09-29 14:01:59.675,305.64,566.61,11.08,129.27
Player_Nova_05,2026-09-29 14:01:59.830,508.52,671.96,11.51,82.46
Player_Echo_09,2026-09-29 14:01:59.847,275.13,442.43,9.16,339.27
Player_Titan_04,2026-09-29 14:01:59.958,437.49,527.38,8.8,130.53
Player_Shadow_08,2026-09-29 14:01:59.999,897.33,195.87,3.61,142.79
Player_Ghost_03,2026-09-29 14:02:00.004,828.58,271.31,4.6,67.44
Player_Phoenix_06,2026-09-29 14:02:00.088,488.76,346.03,8.68,252.06
Player_Viper_02,2026-09-29 14:02:00.144,529.34,471.92,7.56,41.58
Player_Spectre_07,2026-09-29 14:02:00.202,472.6,592.05,7.73,292.46
Player_Cipher_10,2026-09-29 14:02:00.210,495.44,527.14,3.76,140.72
Player_Apex_01,2026-09-29 14:02:00.253,303.42,570.58,7.58,119.21
Player_Echo_09,2026-09-29 14:02:00.345,277.35,446.91,16.1,339.27
Player_Nova_05,2026-09-29 14:02:00.420,509.37,676.92,8.39,80.24
Player_Titan_04,2026-09-29 14:02:00.564,445.24,529.36,25.27,130.53
Player_Ghost_03,2026-09-29 14:02:00.605,830.55,273.15,4.5,43.0
Player_Shadow_08,2026-09-29 14:02:00.615,891.13,199.88,12.3,147.14
Player_Phoenix_06,2026-09-29 14:02:00.632,487.8,343.16,5.03,251.54
Player_Spectre_07,2026-09-29 14:02:00.671,473.79,589.16,5.22,292.48
Player_Viper_02,2026-09-29 14:02:00.692,534.99,476.69,12.33,40.13
Player_Cipher_10,2026-09-29 14:02:00.777,491.51,529.91,8.01,144.86
Player_Echo_09,2026-09-29 14:02:00.806,281.24,445.1,7.16,335.04
Player_Apex_01,2026-09-29 14:02:00.813,302.19,573.04,4.59,116.44
Player_Nova_05,2026-09-29 14:02:00.915,509.6,681.62,7.85,87.18
Player_Titan_04,2026-09-29 14:02:01.047,441.48,535.48,11.97,121.59
Player_Spectre_07,2026-09-29 14:02:01.145,475.03,584.87,7.43,286.15
Player_Viper_02,2026-09-29 14:02:01.182,538.12,479.96,7.54,46.27
Player_Phoenix_06,2026-09-29 14:02:01.225,486.04,336.25,11.89,255.68
Player_Ghost_03,2026-09-29 14:02:01.233,837.53,275.62,12.33,19.53
Player_Shadow_08,2026-09-29 14:02:01.236,885.31,204.33,12.2,142.58
Player_Echo_09,2026-09-29 14:02:01.315,286.29,442.7,9.31,334.58
Player_Apex_01,2026-09-29 14:02:01.321,299.5,578.07,9.5,118.23
Player_Cipher_10,2026-09-29 14:02:01.399,489.5,531.55,4.32,140.77
Player_Nova_05,2026-09-29 14:02:01.509,509.71,685.8,6.97,88.51
Player_Titan_04,2026-09-29 14:02:01.609,445.85,528.78,18.12,121.59
Player_Spectre_07,2026-09-29 14:02:01.675,476.19,580.6,7.37,285.2
Player_Viper_02,2026-09-29 14:02:01.680,541.8,483.39,8.38,42.98
Player_Phoenix_06,2026-09-29 14:02:01.682,484.85,332.04,7.28,254.25
Player_Apex_01,2026-09-29 14:02:01.776,297.12,581.91,7.54,121.7
Player_Shadow_08,2026-09-29 14:02:01.782,883.2,205.88,4.36,143.73
Player_Echo_09,2026-09-29 14:02:01.785,292.34,440.54,10.71,340.39
Player_Ghost_03,2026-09-29 14:02:01.860,841.61,275.47,6.81,357.85
Player_Cipher_10,2026-09-29 14:02:01.964,485.91,534.29,7.53,142.62
Player_Nova_05,2026-09-29 14:02:02.047,510.03,688.65,4.78,83.56
Player_Phoenix_06,2026-09-29 14:02:02.213,484.06,327.77,7.24,259.52
Player_Titan_04,2026-09-29 14:02:02.232,443.77,532.11,6.54,122.07
Player_Apex_01,2026-09-29 14:02:02.236,294.77,586.37,8.39,117.82
Player_Viper_02,2026-09-29 14:02:02.257,543.99,485.33,4.88,41.51
Player_Spectre_07,2026-09-29 14:02:02.300,477.81,576.52,7.31,291.59
Player_Echo_09,2026-09-29 14:02:02.356,297.78,437.94,10.04,334.42
Player_Shadow_08,2026-09-29 14:02:02.428,881.32,207.43,4.07,140.54
Player_Ghost_03,2026-09-29 14:02:02.497,846.06,272.68,8.75,327.91
Player_Nova_05,2026-09-29 14:02:02.575,510.17,693.62,8.28,88.38
Player_Cipher_10,2026-09-29 14:02:02.577,483.95,536.03,4.37,138.53
Player_Phoenix_06,2026-09-29 14:02:02.717,483.8,325.58,3.68,263.1
Player_Titan_04,2026-09-29 14:02:02.739,440.52,536.49,9.1,126.53
Player_Apex_01,2026-09-29 14:02:02.799,292.51,591.58,9.47,113.43
Player_Viper_02,2026-09-29 14:02:02.807,545.57,486.8,3.59,43.05
Player_Spectre_07,2026-09-29 14:02:02.840,479.02,571.78,8.16,284.34
Player_Shadow_08,2026-09-29 14:02:02.972,879.02,208.85,4.5,148.2
Player_Echo_09,2026-09-29 14:02:02.993,301.74,435.73,7.56,330.91
Player_Ghost_03,2026-09-29 14:02:03.023,849.02,269.04,7.82,309.11
Player_Nova_05,2026-09-29 14:02:03.025,510.38,696.31,4.5,85.58
Player_Cipher_10,2026-09-29 14:02:03.075,481.62,538.44,5.59,133.97
Player_Phoenix_06,2026-09-29 14:02:03.265,483.59,321.38,7.01,267.16
Player_Titan_04,2026-09-29 14:02:03.322,437.31,540.66,8.76,127.62
Player_Viper_02,2026-09-29 14:02:03.347,593.65,536.56,46.13,43.05
Player_Apex_01,2026-09-29 14:02:03.411,290.3,595.58,7.62,118.92
Player_Shadow_08,2026-09-29 14:02:03.427,875.21,211.09,7.37,149.51
Player_Spectre_07,2026-09-29 14:02:03.489,479.79,565.09,11.22,276.59
Player_Ghost_03,2026-09-29 14:02:03.507,849.9,267.19,3.42,295.35
Player_Nova_05,2026-09-29 14:02:03.548,509.26,703.38,11.92,99.04
Player_Echo_09,2026-09-29 14:02:03.576,305.69,433.72,7.38,332.99
Player_Cipher_10,2026-09-29 14:02:03.621,479.58,540.65,5.0,132.69
Player_Phoenix_06,2026-09-29 14:02:03.788,483.54,318.45,4.88,269.17
Player_Shadow_08,2026-09-29 14:02:03.926,578.36,654.55,49.36,149.51
Player_Titan_04,2026-09-29 14:02:03.958,433.5,544.53,9.05,134.58
Player_Viper_02,2026-09-29 14:02:03.964,595.86,539.08,5.58,48.84
Player_Apex_01,2026-09-29 14:02:03.965,287.39,602.46,12.45,112.91
Player_Spectre_07,2026-09-29 14:02:03.965,480.51,558.36,11.27,276.06
Player_Echo_09,2026-09-29 14:02:04.034,309.28,430.9,7.62,321.83
Player_Ghost_03,2026-09-29 14:02:04.101,854.03,270.0,18.64,295.35
Player_Nova_05,2026-09-29 14:02:04.120,507.19,707.47,7.64,116.82
Player_Cipher_10,2026-09-29 14:02:04.244,477.4,541.51,3.91,158.43
Player_Phoenix_06,2026-09-29 14:02:04.256,483.08,311.32,11.91,266.29
Player_Viper_02,2026-09-29 14:02:04.441,599.08,542.37,7.69,45.61
Player_Apex_01,2026-09-29 14:02:04.499,285.19,607.39,8.99,114.04
Player_Titan_04,2026-09-29 14:02:04.506,441.09,547.07,24.13,134.58
Player_Shadow_08,2026-09-29 14:02:04.556,575.32,655.08,5.15,170.18
Player_Spectre_07,2026-09-29 14:02:04.558,480.84,553.83,7.58,274.2
Player_Echo_09,2026-09-29 14:02:04.656,312.76,427.09,8.6,312.41
Player_Ghost_03,2026-09-29 14:02:04.711,855.83,265.16,8.61,290.43
Player_Nova_05,2026-09-29 14:02:04.722,505.04,709.26,4.66,140.17
Player_Cipher_10,2026-09-29 14:02:04.772,472.23,541.2,8.63,183.41
Player_Phoenix_06,2026-09-29 14:02:04.874,482.97,308.82,4.18,267.51
Player_Titan_04,2026-09-29 14:02:04.958,435.55,551.69,12.02,140.14
Player_Apex_01,2026-09-29 14:02:05.051,283.67,611.64,7.52,109.73
Player_Viper_02,2026-09-29 14:02:05.086,601.03,544.41,4.7,46.33
Player_Spectre_07,2026-09-29 14:02:05.144,480.57,546.8,11.73,267.81
Player_Shadow_08,2026-09-29 14:02:05.169,570.73,654.76,7.67,183.94
Player_Echo_09,2026-09-29 14:02:05.220,315.53,423.15,8.02,305.03
Player_Ghost_03,2026-09-29 14:02:05.274,856.22,263.44,2.95,282.58
Player_Nova_05,2026-09-29 14:02:05.315,500.47,710.6,7.95,163.64
Player_Cipher_10,2026-09-29 14:02:05.388,467.48,538.7,8.95,207.75
Player_Phoenix_06,2026-09-29 14:02:05.488,482.34,302.78,10.13,263.99
Player_Titan_04,2026-09-29 14:02:05.534,432.52,554.34,6.72,138.8
Player_Apex_01,2026-09-29 14:02:05.581,281.85,616.1,8.04,112.14
Player_Viper_02,2026-09-29 14:02:05.679,603.32,546.96,5.71,48.16
Player_Spectre_07,2026-09-29 14:02:05.700,481.11,539.91,11.51,274.47
Player_Echo_09,2026-09-29 14:02:05.732,317.81,419.1,7.74,299.48
Player_Shadow_08,2026-09-29 14:02:05.745,573.94,662.09,24.72,183.94
Player_Ghost_03,2026-09-29 14:02:05.916,856.8,258.48,8.31,276.74
Player_Nova_05,2026-09-29 14:02:05.930,495.97,709.31,7.8,195.99
Player_Cipher_10,2026-09-29 14:02:05.976,464.57,534.34,8.74,236.32
Player_Titan_04,2026-09-29 14:02:06.045,429.32,557.36,7.33,136.67
Player_Phoenix_06,2026-09-29 14:02:06.116,482.19,300.64,3.56,266.18
Player_Spectre_07,2026-09-29 14:02:06.154,481.48,534.79,8.55,274.09
Player_Apex_01,2026-09-29 14:02:06.162,282.25,621.19,8.5,85.56
Player_Echo_09,2026-09-29 14:02:06.204,319.57,416.88,4.72,308.4
Player_Viper_02,2026-09-29 14:02:06.258,607.83,551.73,10.94,46.6
Player_Shadow_08,2026-09-29 14:02:06.349,571.36,661.18,4.57,199.44
Player_Cipher_10,2026-09-29 14:02:06.471,463.44,530.21,7.14,254.61
Player_Ghost_03,2026-09-29 14:02:06.475,856.71,253.6,8.15,268.98
Player_Nova_05,2026-09-29 14:02:06.488,492.22,706.83,7.48,213.51
Player_Apex_01,2026-09-29 14:02:06.625,284.84,625.15,7.89,56.83
Player_Titan_04,2026-09-29 14:02:06.635,427.2,558.93,4.39,143.51
Player_Phoenix_06,2026-09-29 14:02:06.696,481.95,295.98,7.79,266.95
Player_Spectre_07,2026-09-29 14:02:06.717,481.33,529.18,9.36,268.55
Player_Echo_09,2026-09-29 14:02:06.737,321.16,414.72,4.48,306.33
Player_Shadow_08,2026-09-29 14:02:06.815,572.51,669.09,20.74,199.44
Player_Viper_02,2026-09-29 14:02:06.867,612.79,556.08,10.99,41.21
Player_Ghost_03,2026-09-29 14:02:06.946,856.56,248.52,8.46,268.26
Player_Cipher_10,2026-09-29 14:02:06.962,463.3,523.23,11.64,268.92
Player_Nova_05,2026-09-29 14:02:07.094,489.24,703.18,7.86,230.78
Player_Titan_04,2026-09-29 14:02:07.202,424.93,560.73,4.83,141.47
Player_Phoenix_06,2026-09-29 14:02:07.203,481.91,291.32,7.76,269.59
Player_Apex_01,2026-09-29 14:02:07.235,289.1,627.84,8.41,32.25
Player_Echo_09,2026-09-29 14:02:07.252,324.25,410.75,8.38,307.88
Player_Spectre_07,2026-09-29 14:02:07.254,481.29,523.6,9.31,269.56
Player_Viper_02,2026-09-29 14:02:07.417,617.0,559.86,9.44,41.9
Player_Shadow_08,2026-09-29 14:02:07.438,822.9,950.0,82.89,199.44
Player_Ghost_03,2026-09-29 14:02:07.468,856.35,242.03,10.82,268.16
Player_Cipher_10,2026-09-29 14:02:07.588,464.31,519.61,6.26,285.51
Player_Apex_01,2026-09-29 14:02:07.718,293.29,628.63,7.1,10.73
Player_Spectre_07,2026-09-29 14:02:07.734,481.12,520.25,5.59,267.04
Player_Nova_05,2026-09-29 14:02:07.734,487.61,700.46,5.29,239.07
Player_Titan_04,2026-09-29 14:02:07.779,420.66,564.37,9.36,139.64
Player_Phoenix_06,2026-09-29 14:02:07.840,481.73,286.17,8.59,268.01
Player_Echo_09,2026-09-29 14:02:07.872,327.11,406.54,8.47,304.22
Player_Viper_02,2026-09-29 14:02:07.960,620.72,563.06,8.18,40.74
Player_Shadow_08,2026-09-29 14:02:07.970,818.47,940.0,8.32,207.54
Player_Cipher_10,2026-09-29 14:02:08.063,465.56,517.15,4.59,296.91
Player_Ghost_03,2026-09-29 14:02:08.086,856.5,237.31,7.87,271.82
Player_Apex_01,2026-09-29 14:02:08.199,298.55,627.38,9.02,346.59
Player_Nova_05,2026-09-29 14:02:08.201,486.27,696.15,7.52,252.65
Player_Spectre_07,2026-09-29 14:02:08.242,481.17,513.11,11.89,270.43
Player_Echo_09,2026-09-29 14:02:08.345,328.23,404.34,4.12,296.84
Player_Titan_04,2026-09-29 14:02:08.396,426.67,559.09,23.57,139.64
Player_Phoenix_06,2026-09-29 14:02:08.429,479.84,281.6,8.25,247.52
Player_Viper_02,2026-09-29 14:02:08.538,658.87,604.19,37.4,40.74
Player_Ghost_03,2026-09-29 14:02:08.584,856.51,234.95,3.94,270.2
Player_Shadow_08,2026-09-29 14:02:08.594,814.34,936.93,8.59,216.6
Player_Cipher_10,2026-09-29 14:02:08.679,467.18,514.43,5.27,300.79
Player_Spectre_07,2026-09-29 14:02:08.800,481.22,510.5,4.35,271.08
Player_Nova_05,2026-09-29 14:02:08.809,484.59,691.14,8.81,251.46
Player_Apex_01,2026-09-29 14:02:08.830,302.58,625.49,7.4,334.88
Player_Titan_04,2026-09-29 14:02:08.846,421.66,563.95,11.64,135.94
Player_Echo_09,2026-09-29 14:02:08.942,330.71,399.88,8.51,299.1
Player_Shadow_08,2026-09-29 14:02:09.055,810.64,934.08,7.77,217.57
Player_Phoenix_06,2026-09-29 14:02:09.059,476.02,276.64,10.43,232.37
Player_Ghost_03,2026-09-29 14:02:09.095,856.32,230.58,7.29,267.51
Player_Viper_02,2026-09-29 14:02:09.109,664.42,609.08,12.33,41.42
Player_Apex_01,2026-09-29 14:02:09.303,304.96,624.13,4.57,330.27
Player_Cipher_10,2026-09-29 14:02:09.320,469.05,511.87,5.29,306.17
Player_Nova_05,2026-09-29 14:02:09.341,483.23,686.14,8.63,254.85
Player_Spectre_07,2026-09-29 14:02:09.448,481.46,507.76,4.58,274.95
Player_Titan_04,2026-09-29 14:02:09.459,420.15,565.58,3.71,132.74
Player_Echo_09,2026-09-29 14:02:09.488,332.93,396.4,6.88,302.66
Player_Phoenix_06,2026-09-29 14:02:09.529,470.68,271.88,11.93,221.74
Player_Viper_02,2026-09-29 14:02:09.594,666.01,611.03,4.18,50.87
Player_Shadow_08,2026-09-29 14:02:09.612,807.01,930.32,8.72,225.96
Player_Ghost_03,2026-09-29 14:02:09.697,856.11,227.27,5.53,266.4
Player_Apex_01,2026-09-29 14:02:09.783,310.66,620.2,11.55,325.45
Player_Nova_05,2026-09-29 14:02:09.838,482.35,683.25,5.04,253.03
Player_Cipher_10,2026-09-29 14:02:09.883,472.28,507.73,8.75,307.99
Player_Spectre_07,2026-09-29 14:02:09.906,481.33,505.47,3.83,266.75
Player_Titan_04,2026-09-29 14:02:10.080,415.65,570.8,11.47,130.79
Player_Echo_09,2026-09-29 14:02:10.105,336.62,390.47,11.64,301.86
Player_Shadow_08,2026-09-29 14:02:10.147,722.0,864.56,71.65,225.96
Player_Phoenix_06,2026-09-29 14:02:10.171,468.36,270.68,4.35,207.28
Player_Viper_02,2026-09-29 14:02:10.201,669.6,614.93,8.84,47.37
Player_Ghost_03,2026-09-29 14:02:10.239,855.18,221.12,10.37,261.37
Player_Apex_01,2026-09-29 14:02:10.307,316.9,615.8,12.73,324.8
Player_Spectre_07,2026-09-29 14:02:10.386,481.06,500.53,8.25,266.84
Player_Nova_05,2026-09-29 14:02:10.400,481.56,680.4,4.94,254.41
Player_Cipher_10,2026-09-29 14:02:10.440,476.18,503.95,9.05,315.86
Player_Titan_04,2026-09-29 14:02:10.587,412.78,574.22,7.45,129.99
Player_Echo_09,2026-09-29 14:02:10.614,338.03,388.42,4.15,304.52
Player_Shadow_08,2026-09-29 14:02:10.773,719.98,862.58,4.71,224.33
Player_Phoenix_06,2026-09-29 14:02:10.777,463.9,269.08,7.89,199.79
Player_Viper_02,2026-09-29 14:02:10.781,673.34,619.21,9.48,48.81
Player_Ghost_03,2026-09-29 14:02:10.834,855.07,218.49,4.37,267.64
Player_Spectre_07,2026-09-29 14:02:10.838,480.72,493.12,12.35,267.37
Player_Apex_01,2026-09-29 14:02:10.877,320.7,612.15,8.78,316.1
Player_Cipher_10,2026-09-29 14:02:10.919,477.93,502.02,4.35,312.21
Player_Nova_05,2026-09-29 14:02:10.976,480.79,676.12,7.24,259.82
Player_Echo_09,2026-09-29 14:02:11.086,339.73,386.01,4.92,305.14
Player_Titan_04,2026-09-29 14:02:11.190,409.98,578.07,7.93,125.97
Player_Viper_02,2026-09-29 14:02:11.235,677.73,624.34,11.25,49.49
Player_Shadow_08,2026-09-29 14:02:11.265,716.34,859.42,8.04,221.01
Player_Spectre_07,2026-09-29 14:02:11.340,479.97,488.31,8.11,261.16
Player_Phoenix_06,2026-09-29 14:02:11.398,458.61,267.63,9.15,195.37
Player_Ghost_03,2026-09-29 14:02:11.404,854.79,215.43,5.12,264.83
Player_Apex_01,2026-09-29 14:02:11.480,325.76,606.65,12.46,312.63
Player_Cipher_10,2026-09-29 14:02:11.487,481.3,498.28,8.39,312.1
Player_Nova_05,2026-09-29 14:02:11.553,480.12,671.04,8.55,262.49
Player_Echo_09,2026-09-29 14:02:11.565,342.49,382.13,7.93,305.51
Player_Titan_04,2026-09-29 14:02:11.669,417.97,578.52,21.41,125.97
Player_Shadow_08,2026-09-29 14:02:11.722,713.68,855.98,7.24,232.14
Player_Spectre_07,2026-09-29 14:02:11.797,478.34,481.28,12.03,257.01
Player_Viper_02,2026-09-29 14:02:11.834,682.46,629.98,12.28,49.96
Player_Ghost_03,2026-09-29 14:02:11.871,853.85,207.82,12.78,262.95
Player_Phoenix_06,2026-09-29 14:02:11.927,454.58,266.58,6.95,194.57
Player_Apex_01,2026-09-29 14:02:12.000,328.65,602.41,8.55,304.3
Player_Nova_05,2026-09-29 14:02:12.087,479.93,668.13,4.85,266.4
Player_Echo_09,2026-09-29 14:02:12.112,344.01,378.31,6.86,291.68
Player_Cipher_10,2026-09-29 14:02:12.126,484.45,495.21,7.33,315.63
Player_Titan_04,2026-09-29 14:02:12.281,415.17,582.85,8.61,122.87
Player_Shadow_08,2026-09-29 14:02:12.332,711.8,853.67,4.96,230.94
Player_Phoenix_06,2026-09-29 14:02:12.379,449.26,265.42,9.06,192.29
Player_Spectre_07,2026-09-29 14:02:12.395,477.48,476.35,8.34,260.02
Player_Ghost_03,2026-09-29 14:02:12.422,853.54,203.27,7.61,266.14
Player_Viper_02,2026-09-29 14:02:12.445,717.41,701.53,53.09,49.96
Player_Apex_01,2026-09-29 14:02:12.579,332.14,600.54,6.59,331.79
Player_Nova_05,2026-09-29 14:02:12.605,480.35,664.11,6.75,275.92
Player_Echo_09,2026-09-29 14:02:12.610,343.73,373.14,8.63,266.88
Player_Cipher_10,2026-09-29 14:02:12.705,487.21,492.55,6.38,316.12
Player_Shadow_08,2026-09-29 14:02:12.903,710.13,851.85,4.12,227.58
Player_Titan_04,2026-09-29 14:02:12.910,411.51,575.74,26.22,122.87
Player_Ghost_03,2026-09-29 14:02:12.978,853.83,198.77,7.52,273.7
Player_Phoenix_06,2026-09-29 14:02:13.016,442.01,264.19,12.26,189.66
Player_Spectre_07,2026-09-29 14:02:13.031,476.91,473.24,5.27,259.65
Player_Viper_02,2026-09-29 14:02:13.095,719.47,703.55,4.8,44.45
Player_Nova_05,2026-09-29 14:02:13.104,481.34,659.36,8.08,281.81
Player_Echo_09,2026-09-29 14:02:13.153,342.93,370.68,4.31,252.03
Player_Apex_01,2026-09-29 14:02:13.179,337.97,598.96,10.07,344.79
Player_Cipher_10,2026-09-29 14:02:13.261,489.65,491.95,4.19,346.17
Player_Shadow_08,2026-09-29 14:02:13.438,708.63,849.89,4.12,232.56
Player_Phoenix_06,2026-09-29 14:02:13.541,438.06,260.67,8.82,221.7
Player_Titan_04,2026-09-29 14:02:13.550,409.11,579.06,6.83,125.85
Player_Nova_05,2026-09-29 14:02:13.557,481.63,657.16,3.7,277.38
Player_Viper_02,2026-09-29 14:02:13.558,723.52,707.06,8.94,40.87
Player_Ghost_03,2026-09-29 14:02:13.565,854.2,193.84,8.24,274.25
Player_Spectre_07,2026-09-29 14:02:13.629,476.56,468.18,8.47,266.07
Player_Cipher_10,2026-09-29 14:02:13.717,496.29,493.29,11.28,11.36
Player_Apex_01,2026-09-29 14:02:13.743,343.11,598.78,8.57,358.02
Player_Echo_09,2026-09-29 14:02:13.772,340.62,366.62,7.79,240.39
Player_Shadow_08,2026-09-29 14:02:14.041,705.56,845.75,8.6,233.39
Player_Titan_04,2026-09-29 14:02:14.048,413.46,572.35,26.25,125.85
Player_Ghost_03,2026-09-29 14:02:14.145,854.56,190.6,5.44,276.37
Player_Spectre_07,2026-09-29 14:02:14.151,476.4,465.27,4.85,266.82
Player_Viper_02,2026-09-29 14:02:14.166,729.12,711.55,11.95,38.72
Player_Phoenix_06,2026-09-29 14:02:14.177,436.04,255.76,8.84,247.57
Player_Nova_05,2026-09-29 14:02:14.204,482.46,649.92,12.15,276.54
Player_Apex_01,2026-09-29 14:02:14.332,349.82,600.5,11.55,14.36
Player_Cipher_10,2026-09-29 14:02:14.356,500.64,496.98,9.51,40.37
Player_Echo_09,2026-09-29 14:02:14.359,336.99,360.36,12.06,239.81
Player_Titan_04,2026-09-29 14:02:14.546,410.81,575.91,7.4,126.68
Player_Shadow_08,2026-09-29 14:02:14.639,638.63,766.8,69.0,233.39
Player_Viper_02,2026-09-29 14:02:14.678,822.85,759.33,70.14,38.72
Player_Ghost_03,2026-09-29 14:02:14.678,854.94,184.02,10.97,273.29
Player_Nova_05,2026-09-29 14:02:14.704,483.05,644.42,9.21,276.13
Player_Phoenix_06,2026-09-29 14:02:14.775,436.19,248.86,11.52,271.26
Player_Spectre_07,2026-09-29 14:02:14.786,475.98,460.08,8.68,265.37
Player_Echo_09,2026-09-29 14:02:14.884,334.71,356.93,6.87,236.5
Player_Cipher_10,2026-09-29 14:02:14.916,501.81,499.38,4.44,63.92
Player_Apex_01,2026-09-29 14:02:14.960,355.44,603.39,10.53,27.26
Player_Viper_02,2026-09-29 14:02:15.132,827.59,760.44,8.12,13.13
Player_Titan_04,2026-09-29 14:02:15.158,407.35,580.11,9.07,129.52
Player_Nova_05,2026-09-29 14:02:15.207,483.15,639.63,7.99,271.19
Player_Shadow_08,2026-09-29 14:02:15.266,646.63,766.46,22.42,233.39
Player_Ghost_03,2026-09-29 14:02:15.302,853.4,179.82,7.46,249.9
Player_Phoenix_06,2026-09-29 14:02:15.413,437.27,245.78,5.44,289.35
Player_Spectre_07,2026-09-29 14:02:15.417,476.12,457.0,5.14,272.56
Player_Echo_09,2026-09-29 14:02:15.487,330.8,352.77,9.51,226.8
Player_Apex_01,2026-09-29 14:02:15.515,359.76,605.44,7.96,25.38
Player_Cipher_10,2026-09-29 14:02:15.530,503.11,506.89,12.71,80.13
Player_Viper_02,2026-09-29 14:02:15.634,834.09,759.57,10.93,352.35
Player_Titan_04,2026-09-29 14:02:15.723,404.63,584.14,8.09,123.99
Player_Nova_05,2026-09-29 14:02:15.739,482.99,634.66,8.29,268.23
Player_Shadow_08,2026-09-29 14:02:15.793,645.09,764.12,4.66,236.81
Player_Ghost_03,2026-09-29 14:02:15.938,851.71,177.66,4.58,231.95
Player_Phoenix_06,2026-09-29 14:02:15.992,440.22,241.1,9.23,302.23
Player_Spectre_07,2026-09-29 14:02:16.039,476.08,452.02,8.29,269.62
Player_Apex_01,2026-09-29 14:02:16.062,365.64,609.02,11.48,31.37
Player_Cipher_10,2026-09-29 14:02:16.089,503.0,514.11,12.04,90.95
Player_Echo_09,2026-09-29 14:02:16.116,326.81,349.34,8.77,220.59
Player_Shadow_08,2026-09-29 14:02:16.257,642.36,759.96,8.3,236.73
Player_Viper_02,2026-09-29 14:02:16.272,838.03,757.17,7.69,328.65
Player_Titan_04,2026-09-29 14:02:16.300,412.63,584.07,27.35,123.99
Player_Nova_05,2026-09-29 14:02:16.329,483.28,630.07,7.66,273.57
Player_Ghost_03,2026-09-29 14:02:16.499,849.24,176.4,4.61,207.05
Player_Apex_01,2026-09-29 14:02:16.550,372.47,609.67,11.44,5.42
Player_Cipher_10,2026-09-29 14:02:16.583,502.26,517.18,5.26,103.56
Player_Spectre_07,2026-09-29 14:02:16.586,475.68,446.96,8.46,265.46
Player_Phoenix_06,2026-09-29 14:02:16.599,442.1,239.96,3.66,328.98
Player_Shadow_08,2026-09-29 14:02:16.731,638.55,753.98,11.82,237.44
Player_Echo_09,2026-09-29 14:02:16.742,323.24,346.29,7.82,220.5
Player_Nova_05,2026-09-29 14:02:16.829,482.89,625.19,8.16,265.4
Player_Viper_02,2026-09-29 14:02:16.865,841.04,752.67,9.02,303.75
Player_Titan_04,2026-09-29 14:02:16.899,408.4,589.87,11.97,126.09
Player_Phoenix_06,2026-09-29 14:02:17.077,445.88,239.65,6.32,355.26
Player_Apex_01,2026-09-29 14:02:17.084,377.49,608.65,8.54,348.53
Player_Cipher_10,2026-09-29 14:02:17.092,500.77,521.37,7.41,109.49
Player_Ghost_03,2026-09-29 14:02:17.119,846.9,176.2,3.92,184.87
Player_Spectre_07,2026-09-29 14:02:17.230,475.63,444.94,3.38,268.47
Player_Nova_05,2026-09-29 14:02:17.307,482.89,622.34,4.74,270.02
Player_Echo_09,2026-09-29 14:02:17.314,319.74,343.51,7.45,218.48
Player_Shadow_08,2026-09-29 14:02:17.349,635.96,750.04,7.85,236.68
Player_Titan_04,2026-09-29 14:02:17.394,404.26,594.98,10.97,129.02
Player_Viper_02,2026-09-29 14:02:17.395,841.92,747.93,8.04,280.52
Player_Apex_01,2026-09-29 14:02:17.668,381.83,608.39,7.25,356.54
Player_Phoenix_06,2026-09-29 14:02:17.695,450.84,241.28,8.71,18.2
Player_Cipher_10,2026-09-29 14:02:17.703,498.26,525.7,8.34,120.17
Player_Spectre_07,2026-09-29 14:02:17.714,475.23,440.29,7.77,265.09
Player_Ghost_03,2026-09-29 14:02:17.750,841.29,172.68,11.04,212.04
Player_Nova_05,2026-09-29 14:02:17.827,483.14,620.04,3.86,276.33
Player_Echo_09,2026-09-29 14:02:17.860,317.39,341.69,4.96,217.7
Player_Titan_04,2026-09-29 14:02:17.870,400.09,600.06,10.94,129.37
Player_Shadow_08,2026-09-29 14:02:17.908,633.17,746.15,7.97,234.41
Player_Viper_02,2026-09-29 14:02:17.984,840.73,742.91,8.6,256.7
Player_Cipher_10,2026-09-29 14:02:18.219,496.06,529.67,7.57,118.98
Player_Apex_01,2026-09-29 14:02:18.285,386.12,608.36,7.15,359.52
Player_Nova_05,2026-09-29 14:02:18.287,484.0,614.74,8.95,279.13
Player_Phoenix_06,2026-09-29 14:02:18.324,454.99,243.81,8.1,31.39
Player_Ghost_03,2026-09-29 14:02:18.333,836.25,172.24,8.43,185.04
Player_Spectre_07,2026-09-29 14:02:18.348,475.06,438.03,3.77,265.61
Player_Titan_04,2026-09-29 14:02:18.449,396.72,603.49,8.02,134.55
Player_Echo_09,2026-09-29 14:02:18.493,311.35,338.11,11.71,210.7
Player_Shadow_08,2026-09-29 14:02:18.530,630.63,742.73,7.11,233.37
Player_Viper_02,2026-09-29 14:02:18.598,838.26,737.62,9.73,244.95
Player_Cipher_10,2026-09-29 14:02:18.692,493.08,533.94,8.67,124.89
Player_Nova_05,2026-09-29 14:02:18.776,484.13,611.93,4.69,272.61
Player_Phoenix_06,2026-09-29 14:02:18.782,456.6,245.75,4.2,50.39
Player_Apex_01,2026-09-29 14:02:18.802,391.37,608.67,8.76,3.38
Player_Spectre_07,2026-09-29 14:02:18.870,474.92,433.11,8.2,268.42
Player_Ghost_03,2026-09-29 14:02:18.878,831.15,172.91,8.58,172.5
Player_Shadow_08,2026-09-29 14:02:19.029,565.02,686.9,57.43,233.37
Player_Titan_04,2026-09-29 14:02:19.076,391.35,607.78,11.46,141.32
Player_Viper_02,2026-09-29 14:02:19.111,833.94,732.12,11.65,231.84
Player_Echo_09,2026-09-29 14:02:19.122,307.55,335.51,7.67,214.41
Player_Nova_05,2026-09-29 14:02:19.249,484.39,605.07,11.44,272.21
Player_Phoenix_06,2026-09-29 14:02:19.271,459.82,250.22,9.19,54.16
Player_Cipher_10,2026-09-29 14:02:19.293,491.1,536.7,5.67,125.63
Player_Apex_01,2026-09-29 14:02:19.336,396.4,608.94,8.4,3.08
Player_Ghost_03,2026-09-29 14:02:19.358,826.83,173.94,7.39,166.65
Player_Spectre_07,2026-09-29 14:02:19.433,474.75,426.53,10.97,268.51
Player_Shadow_08,2026-09-29 14:02:19.528,562.47,682.72,8.17,238.64
Player_Titan_04,2026-09-29 14:02:19.601,388.36,610.55,6.79,137.24
Player_Viper_02,2026-09-29 14:02:19.637,829.87,728.34,9.26,222.92
Player_Echo_09,2026-09-29 14:02:19.696,301.04,330.72,13.47,216.35
Player_Cipher_10,2026-09-29 14:02:19.763,490.08,538.72,3.77,116.71
Player_Phoenix_06,2026-09-29 14:02:19.819,461.65,254.66,8.0,67.71
Player_Ghost_03,2026-09-29 14:02:19.824,821.88,176.38,9.2,153.77
Player_Apex_01,2026-09-29 14:02:19.867,400.81,609.28,7.37,4.49
Player_Nova_05,2026-09-29 14:02:19.893,484.79,600.52,7.61,274.99
Player_Spectre_07,2026-09-29 14:02:19.992,475.14,418.95,12.66,272.96
Player_Shadow_08,2026-09-29 14:02:20.068,560.49,678.57,7.66,244.5
Player_Echo_09,2026-09-29 14:02:20.186,296.95,327.86,8.31,214.91
Player_Viper_02,2026-09-29 14:02:20.212,824.07,724.39,11.7,214.23
Player_Titan_04,2026-09-29 14:02:20.230,384.33,615.3,10.39,130.33
Player_Phoenix_06,2026-09-29 14:02:20.322,462.49,257.73,5.3,74.6
Player_Cipher_10,2026-09-29 14:02:20.329,489.76,540.37,2.8,101.05
Player_Ghost_03,2026-09-29 14:02:20.401,817.91,178.86,7.8,147.93
Player_Apex_01,2026-09-29 14:02:20.455,405.08,609.81,7.17,7.06
Player_Nova_05,2026-09-29 14:02:20.522,485.08,595.71,8.03,273.53
Player_Spectre_07,2026-09-29 14:02:20.563,475.18,416.47,4.13,270.92
Player_Shadow_08,2026-09-29 14:02:20.580,530.87,629.56,38.18,244.5
Player_Echo_09,2026-09-29 14:02:20.809,292.79,325.3,8.15,211.57
Player_Titan_04,2026-09-29 14:02:20.820,379.53,620.55,11.86,132.42
Player_Phoenix_06,2026-09-29 14:02:20.839,463.2,260.16,4.21,73.65
Player_Viper_02,2026-09-29 14:02:20.846,819.8,722.0,8.15,209.22
Player_Cipher_10,2026-09-29 14:02:20.946,488.99,545.17,8.1,99.17
Player_Apex_01,2026-09-29 14:02:20.978,409.27,610.36,7.04,7.45
Player_Ghost_03,2026-09-29 14:02:20.996,813.56,181.45,8.44,149.31
Player_Nova_05,2026-09-29 14:02:21.053,485.16,591.43,7.13,271.05
Player_Shadow_08,2026-09-29 14:02:21.141,529.05,624.83,8.44,248.95
Player_Spectre_07,2026-09-29 14:02:21.185,475.41,411.85,7.71,272.8
Player_Echo_09,2026-09-29 14:02:21.277,288.7,322.62,8.16,213.26
Player_Phoenix_06,2026-09-29 14:02:21.391,464.54,267.64,12.68,79.87
Player_Viper_02,2026-09-29 14:02:21.393,814.74,717.19,11.64,223.61
Player_Titan_04,2026-09-29 14:02:21.431,376.34,624.7,8.72,127.54
Player_Apex_01,2026-09-29 14:02:21.453,411.87,611.13,4.52,16.59
Player_Cipher_10,2026-09-29 14:02:21.458,488.6,550.62,9.11,94.04
Player_Ghost_03,2026-09-29 14:02:21.592,808.64,184.6,9.73,147.28
Player_Nova_05,2026-09-29 14:02:21.615,486.12,587.29,7.08,283.06
Player_Shadow_08,2026-09-29 14:02:21.740,528.33,622.54,4.0,252.5
Player_Echo_09,2026-09-29 14:02:21.776,286.28,321.26,4.62,209.33
Player_Spectre_07,2026-09-29 14:02:21.803,475.59,406.69,8.59,271.99
Player_Apex_01,2026-09-29 14:02:21.945,414.56,611.81,4.63,14.11
Player_Cipher_10,2026-09-29 14:02:21.974,488.19,558.19,12.63,93.13
Player_Phoenix_06,2026-09-29 14:02:21.977,465.14,271.98,7.3,82.2
Player_Viper_02,2026-09-29 14:02:22.040,812.58,713.46,7.18,239.85
Player_Ghost_03,2026-09-29 14:02:22.042,806.26,186.48,5.06,141.88
Player_Titan_04,2026-09-29 14:02:22.056,372.08,630.2,11.6,127.74
Player_Nova_05,2026-09-29 14:02:22.099,489.38,583.47,8.37,310.39
Player_Shadow_08,2026-09-29 14:02:22.269,526.4,615.76,11.75,254.14
Player_Echo_09,2026-09-29 14:02:22.308,280.48,317.19,11.81,215.09
Player_Apex_01,2026-09-29 14:02:22.409,417.1,612.46,4.37,14.31
Player_Spectre_07,2026-09-29 14:02:22.430,474.96,399.27,12.42,265.19
Player_Phoenix_06,2026-09-29 14:02:22.494,465.18,274.49,4.18,88.93
Player_Cipher_10,2026-09-29 14:02:22.584,488.76,565.05,11.48,85.23
Player_Ghost_03,2026-09-29 14:02:22.612,804.11,188.26,4.66,140.28
Player_Nova_05,2026-09-29 14:02:22.624,493.23,581.19,7.46,329.35
Player_Viper_02,2026-09-29 14:02:22.672,767.91,619.67,69.26,239.85
Player_Titan_04,2026-09-29 14:02:22.672,368.36,633.89,8.72,135.28
Player_Shadow_08,2026-09-29 14:02:22.851,525.89,613.87,3.25,254.92
Player_Spectre_07,2026-09-29 14:02:22.923,474.73,394.67,7.67,267.1
Player_Echo_09,2026-09-29 14:02:22.939,276.76,314.33,7.81,217.58
Player_Apex_01,2026-09-29 14:02:22.994,419.94,613.33,4.95,17.01
Player_Phoenix_06,2026-09-29 14:02:23.058,465.54,279.44,8.27,85.83
Player_Cipher_10,2026-09-29 14:02:23.062,489.28,567.62,4.36,78.49
Player_Ghost_03,2026-09-29 14:02:23.071,800.01,191.21,8.41,144.23
Player_Nova_05,2026-09-29 14:02:23.213,497.55,581.08,7.22,358.53
Player_Titan_04,2026-09-29 14:02:23.285,365.31,637.01,7.29,134.34
Player_Viper_02,2026-09-29 14:02:23.313,766.41,615.46,7.44,250.33
Player_Shadow_08,2026-09-29 14:02:23.430,525.05,610.48,5.83,256.05
Player_Apex_01,2026-09-29 14:02:23.488,424.31,614.5,7.54,15.03
Player_Echo_09,2026-09-29 14:02:23.502,274.57,312.58,4.67,218.6
Player_Phoenix_06,2026-09-29 14:02:23.518,465.53,284.65,8.68,90.09
Player_Spectre_07,2026-09-29 14:02:23.525,474.64,391.99,4.48,268.0
Player_Cipher_10,2026-09-29 14:02:23.584,489.88,570.48,4.88,78.23
Player_Ghost_03,2026-09-29 14:02:23.628,794.09,195.56,12.25,143.71
Player_Nova_05,2026-09-29 14:02:23.816,500.28,581.96,4.78,17.99
Player_Titan_04,2026-09-29 14:02:23.857,362.62,640.57,7.42,127.05
Player_Viper_02,2026-09-29 14:02:23.906,765.84,611.43,6.78,261.98
Player_Shadow_08,2026-09-29 14:02:23.968,523.35,604.11,10.99,255.08
Player_Apex_01,2026-09-29 14:02:23.999,426.12,614.97,3.12,14.44
Player_Echo_09,2026-09-29 14:02:24.007,270.44,309.86,8.25,213.33
Player_Phoenix_06,2026-09-29 14:02:24.078,465.6,289.67,8.37,89.25
Player_Spectre_07,2026-09-29 14:02:24.083,473.96,386.51,9.2,262.95
Player_Cipher_10,2026-09-29 14:02:24.126,490.43,573.35,4.87,79.07
Player_Ghost_03,2026-09-29 14:02:24.159,790.71,198.38,7.33,140.14
Player_Nova_05,2026-09-29 14:02:24.305,504.01,584.79,7.8,37.15
Player_Shadow_08,2026-09-29 14:02:24.435,522.23,599.29,8.25,256.96
Player_Titan_04,2026-09-29 14:02:24.479,359.94,643.96,7.21,128.41
Player_Viper_02,2026-09-29 14:02:24.506,765.17,604.41,11.76,264.61
Player_Echo_09,2026-09-29 14:02:24.549,266.51,307.67,7.49,209.19
Player_Cipher_10,2026-09-29 14:02:24.581,491.24,579.13,9.72,82.02
Player_Phoenix_06,2026-09-29 14:02:24.597,465.84,294.74,8.45,87.27
Player_Apex_01,2026-09-29 14:02:24.612,429.27,615.5,5.32,9.66
Player_Spectre_07,2026-09-29 14:02:24.681,473.39,379.45,11.81,265.45
Player_Ghost_03,2026-09-29 14:02:24.737,789.3,199.79,3.32,135.08
Player_Nova_05,2026-09-29 14:02:24.871,500.04,587.83,20.4,37.15
Player_Shadow_08,2026-09-29 14:02:25.004,521.59,595.14,6.99,261.24
Player_Viper_02,2026-09-29 14:02:25.013,765.51,599.65,7.95,274.08
Player_Echo_09,2026-09-29 14:02:25.036,262.24,305.18,8.24,210.24
Player_Titan_04,2026-09-29 14:02:25.037,358.19,646.06,4.55,129.73
Player_Cipher_10,2026-09-29 14:02:25.084,491.95,583.42,7.25,80.65
Player_Phoenix_06,2026-09-29 14:02:25.147,466.44,297.26,4.32,76.73
Player_Apex_01,2026-09-29 14:02:25.181,431.77,616.27,4.35,17.15
Player_Spectre_07,2026-09-29 14:02:25.233,473.46,372.98,10.79,270.59
Player_Ghost_03,2026-09-29 14:02:25.319,787.49,201.2,3.84,142.13
Player_Nova_05,2026-09-29 14:02:25.479,502.25,590.17,5.35,46.62
Player_Titan_04,2026-09-29 14:02:25.524,355.03,638.71,25.5,129.73
Player_Echo_09,2026-09-29 14:02:25.529,255.65,301.93,12.24,206.22
Player_Shadow_08,2026-09-29 14:02:25.539,521.23,592.25,4.85,262.79
Player_Viper_02,2026-09-29 14:02:25.646,765.74,596.28,5.63,273.78
Player_Cipher_10,2026-09-29 14:02:25.649,492.3,585.8,4.02,81.59
Player_Apex_01,2026-09-29 14:02:25.744,436.44,617.89,8.25,19.03
Player_Phoenix_06,2026-09-29 14:02:25.769,467.28,301.42,7.08,78.55
Player_Spectre_07,2026-09-29 14:02:25.807,473.69,368.31,7.79,272.81
Player_Ghost_03,2026-09-29 14:02:25.888,783.94,204.23,7.78,139.45
Player_Titan_04,2026-09-29 14:02:26.015,353.44,640.59,4.11,130.05
Player_Echo_09,2026-09-29 14:02:26.024,251.77,299.73,7.44,209.56
Player_Shadow_08,2026-09-29 14:02:26.105,520.44,587.35,8.27,260.86
Player_Nova_05,2026-09-29 14:02:26.113,505.68,596.63,12.19,62.06
Player_Cipher_10,2026-09-29 14:02:26.144,492.7,592.57,11.3,86.62
Player_Viper_02,2026-09-29 14:02:26.236,765.77,592.54,6.24,270.44
Player_Spectre_07,2026-09-29 14:02:26.288,474.07,364.55,6.3,275.77
Player_Apex_01,2026-09-29 14:02:26.302,441.1,620.49,8.9,29.18
Player_Ghost_03,2026-09-29 14:02:26.360,780.72,208.31,8.65,128.27
Player_Phoenix_06,2026-09-29 14:02:26.395,467.72,304.01,4.38,80.42
Player_Titan_04,2026-09-29 14:02:26.480,350.11,644.34,8.35,131.67
Player_Shadow_08,2026-09-29 14:02:26.555,519.85,582.17,8.7,263.45
Player_Echo_09,2026-09-29 14:02:26.560,247.04,299.8,7.88,179.18
Player_Nova_05,2026-09-29 14:02:26.611,507.32,600.72,7.35,68.09
Player_Cipher_10,2026-09-29 14:02:26.624,493.25,597.12,7.62,83.17
Player_Spectre_07,2026-09-29 14:02:26.772,474.61,357.92,11.08,274.66
Player_Viper_02,2026-09-29 14:02:26.807,766.3,585.87,11.15,274.56
Player_Phoenix_06,2026-09-29 14:02:26.847,465.68,309.18,9.26,111.57
Player_Apex_01,2026-09-29 14:02:26.850,445.02,622.36,7.24,25.53
Player_Titan_04,2026-09-29 14:02:26.938,346.7,648.63,9.13,128.49
Player_Ghost_03,2026-09-29 14:02:27.010,778.35,212.15,7.53,121.74
Player_Shadow_08,2026-09-29 14:02:27.059,518.3,575.09,12.07,257.69
Player_Echo_09,2026-09-29 14:02:27.113,242.73,302.03,8.09,152.62
Player_Nova_05,2026-09-29 14:02:27.217,509.09,605.45,8.42,69.52
Player_Cipher_10,2026-09-29 14:02:27.231,495.56,601.23,7.87,60.69
Player_Viper_02,2026-09-29 14:02:27.339,766.53,580.73,8.57,272.57
Player_Spectre_07,2026-09-29 14:02:27.349,475.11,352.92,8.38,275.66
Player_Apex_01,2026-09-29 14:02:27.391,449.69,623.84,8.16,17.59
Player_Phoenix_06,2026-09-29 14:02:27.472,462.72,312.87,7.88,128.74
Player_Titan_04,2026-09-29 14:02:27.560,343.64,652.33,8.02,129.6
Player_Shadow_08,2026-09-29 14:02:27.593,517.22,570.37,8.06,257.12
Player_Ghost_03,2026-09-29 14:02:27.611,776.4,216.69,8.23,113.17
Player_Echo_09,2026-09-29 14:02:27.640,240.46,305.12,6.39,126.35
Player_Nova_05,2026-09-29 14:02:27.691,511.02,612.69,12.48,75.1
Player_Cipher_10,2026-09-29 14:02:27.712,496.2,606.8,9.33,83.44
Player_Viper_02,2026-09-29 14:02:27.955,766.96,576.22,7.55,275.52
Player_Phoenix_06,2026-09-29 14:02:27.971,201.34,50.0,71.61,128.74
Player_Spectre_07,2026-09-29 14:02:27.972,475.29,348.47,7.43,272.39
Player_Apex_01,2026-09-29 14:02:28.009,453.38,625.66,6.86,26.22
Player_Shadow_08,2026-09-29 14:02:28.044,516.64,567.79,4.41,257.16
Player_Titan_04,2026-09-29 14:02:28.153,340.27,655.91,8.19,133.28
Player_Nova_05,2026-09-29 14:02:28.174,510.14,616.67,6.8,102.37
Player_Echo_09,2026-09-29 14:02:28.186,239.44,309.66,7.76,102.63
Player_Ghost_03,2026-09-29 14:02:28.248,775.48,219.84,5.46,106.41
Player_Cipher_10,2026-09-29 14:02:28.356,495.48,609.41,4.52,105.44
Player_Viper_02,2026-09-29 14:02:28.414,767.27,568.96,12.11,272.41
Player_Phoenix_06,2026-09-29 14:02:28.451,199.21,60.0,7.64,117.63
Player_Apex_01,2026-09-29 14:02:28.471,458.77,629.2,10.74,33.31
Player_Shadow_08,2026-09-29 14:02:28.523,980.5,6.1,25.68,257.16
Player_Spectre_07,2026-09-29 14:02:28.616,475.45,344.1,7.28,272.03
Player_Nova_05,2026-09-29 14:02:28.649,507.3,619.93,7.2,131.06
Player_Echo_09,2026-09-29 14:02:28.658,239.58,314.13,7.44,88.23
Player_Ghost_03,2026-09-29 14:02:28.699,772.48,224.03,8.59,125.55
Player_Titan_04,2026-09-29 14:02:28.781,335.14,660.7,11.7,136.91
Player_Cipher_10,2026-09-29 14:02:28.861,494.04,610.96,3.52,132.73
Player_Viper_02,2026-09-29 14:02:28.909,765.62,564.51,7.92,249.69
Player_Apex_01,2026-09-29 14:02:28.994,463.72,634.53,12.12,47.11
Player_Shadow_08,2026-09-29 14:02:29.040,940.0,60.0,7.93,236.33
Player_Phoenix_06,2026-09-29 14:02:29.096,196.96,66.18,10.97,110.06
Player_Echo_09,2026-09-29 14:02:29.178,239.9,316.11,3.35,80.92
Player_Spectre_07,2026-09-29 14:02:29.185,475.86,339.5,7.7,275.09
Player_Nova_05,2026-09-29 14:02:29.224,502.87,622.06,8.2,154.4
Player_Ghost_03,2026-09-29 14:02:29.326,770.07,226.01,5.2,140.7
Player_Titan_04,2026-09-29 14:02:29.330,331.68,664.27,8.29,134.13
Player_Viper_02,2026-09-29 14:02:29.406,761.69,559.39,10.75,232.51
Player_Cipher_10,2026-09-29 14:02:29.488,490.04,612.52,7.16,158.82
Player_Apex_01,2026-09-29 14:02:29.500,467.13,638.85,9.18,51.77
Player_Shadow_08,2026-09-29 14:02:29.535,935.91,60.0,7.69,207.41
Player_Phoenix_06,2026-09-29 14:02:29.574,196.11,71.21,8.5,99.55
Player_Echo_09,2026-09-29 14:02:29.657,241.18,320.62,7.82,74.1
Player_Spectre_07,2026-09-29 14:02:29.701,475.39,334.9,7.7,264.24
Player_Nova_05,2026-09-29 14:02:29.767,499.05,622.03,6.37,180.39
Player_Viper_02,2026-09-29 14:02:29.865,697.53,504.14,56.45,232.51
Player_Titan_04,2026-09-29 14:02:29.921,339.52,665.89,24.21,134.13
Player_Cipher_10,2026-09-29 14:02:29.961,485.7,612.54,7.23,179.72
Player_Shadow_08,2026-09-29 14:02:30.010,942.91,63.87,26.85,207.41
Player_Phoenix_06,2026-09-29 14:02:30.043,195.52,75.58,7.36,97.73
Player_Apex_01,2026-09-29 14:02:30.134,468.48,640.83,3.98,55.7
Player_Spectre_07,2026-09-29 14:02:30.155,471.88,329.77,10.36,235.61
Player_Echo_09,2026-09-29 14:02:30.237,243.86,327.02,11.56,67.26
Player_Nova_05,2026-09-29 14:02:30.270,492.46,620.25,11.37,195.11
Player_Viper_02,2026-09-29 14:02:30.400,693.51,502.18,7.45,205.97
Player_Shadow_08,2026-09-29 14:02:30.546,939.81,63.33,5.24,190.04
Player_Titan_04,2026-09-29 14:02:30.570,337.74,667.97,4.57,130.55
Player_Cipher_10,2026-09-29 14:02:30.601,478.59,610.62,12.27,195.06
Player_Phoenix_06,2026-09-29 14:02:30.602,194.95,80.05,7.49,97.23
Player_Apex_01,2026-09-29 14:02:30.608,470.71,645.37,8.43,63.76
Player_Spectre_07,2026-09-29 14:02:30.635,467.53,327.62,8.09,206.28
Player_Echo_09,2026-09-29 14:02:30.809,245.96,331.13,7.69,62.94
Player_Nova_05,2026-09-29 14:02:30.839,487.76,617.96,8.71,206.03
Player_Viper_02,2026-09-29 14:02:30.976,688.69,501.23,8.19,191.17
Player_Shadow_08,2026-09-29 14:02:31.091,933.27,63.5,10.9,178.44
Player_Cipher_10,2026-09-29 14:02:31.100,472.36,607.41,11.68,207.3
Player_Phoenix_06,2026-09-29 14:02:31.117,194.54,85.22,8.66,94.52
Player_Apex_01,2026-09-29 14:02:31.170,471.99,647.66,4.39,60.87
Player_Titan_04,2026-09-29 14:02:31.182,334.6,671.47,7.83,131.77
Player_Spectre_07,2026-09-29 14:02:31.202,462.65,326.79,8.25,189.68
Player_Echo_09,2026-09-29 14:02:31.305,249.35,335.43,9.14,51.77
Player_Nova_05,2026-09-29 14:02:31.395,484.9,616.22,5.58,211.3
Player_Phoenix_06,2026-09-29 14:02:31.664,194.42,90.24,8.36,91.41
Player_Shadow_08,2026-09-29 14:02:31.700,930.48,63.69,4.66,176.23
Player_Cipher_10,2026-09-29 14:02:31.733,468.56,604.96,7.54,212.76
Player_Titan_04,2026-09-29 14:02:31.771,331.98,674.35,6.49,132.36
Player_Echo_09,2026-09-29 14:02:31.831,251.26,337.46,4.63,46.75
Player_Spectre_07,2026-09-29 14:02:31.851,457.71,327.63,8.36,170.35
Player_Nova_05,2026-09-29 14:02:32.002,482.61,614.48,4.8,217.22
Player_Phoenix_06,2026-09-29 14:02:32.181,194.74,97.05,11.36,87.33
Player_Shadow_08,2026-09-29 14:02:32.186,927.87,64.13,4.41,170.29
Player_Titan_04,2026-09-29 14:02:32.270,328.78,677.99,8.07,131.36
Player_Spectre_07,2026-09-29 14:02:32.335,453.62,329.43,7.44,156.28
Player_Cipher_10,2026-09-29 14:02:32.379,466.77,603.3,4.08,222.87
Player_Echo_09,2026-09-29 14:02:32.418,252.83,339.18,3.88,47.67
Player_Nova_05,2026-09-29 14:02:32.529,478.97,611.05,8.34,223.22
Player_Phoenix_06,2026-09-29 14:02:32.682,195.1,101.48,7.4,85.31
Player_Titan_04,2026-09-29 14:02:32.767,327.19,679.69,3.88,133.1
Player_Shadow_08,2026-09-29 14:02:32.772,922.89,65.64,8.67,163.2
Player_Spectre_07,2026-09-29 14:02:32.930,450.44,331.8,6.6,143.24
Player_Nova_05,2026-09-29 14:02:33.004,477.32,609.2,4.13,228.34
Player_Echo_09,2026-09-29 14:02:33.010,255.96,342.44,7.53,46.1
Player_Cipher_10,2026-09-29 14:02:33.013,462.94,599.89,8.53,221.68
Player_Phoenix_06,2026-09-29 14:02:33.168,195.53,105.51,6.76,83.88
Player_Titan_04,2026-09-29 14:02:33.227,325.4,681.28,3.98,138.29
Player_Shadow_08,2026-09-29 14:02:33.384,917.9,67.43,8.85,160.22
Player_Echo_09,2026-09-29 14:02:33.476,259.53,345.69,8.06,42.33
Player_Spectre_07,2026-09-29 14:02:33.526,448.46,333.71,4.59,136.09
Player_Nova_05,2026-09-29 14:02:33.588,472.95,604.47,10.73,227.3
Player_Phoenix_06,2026-09-29 14:02:33.645,195.91,108.08,4.33,81.7
Player_Cipher_10,2026-09-29 14:02:33.654,461.18,598.32,3.93,221.67
Player_Titan_04,2026-09-29 14:02:33.826,320.53,682.43,8.34,166.68
Player_Shadow_08,2026-09-29 14:02:33.882,915.52,68.45,4.31,156.72
Player_Spectre_07,2026-09-29 14:02:33.990,443.98,338.73,11.21,131.74
Player_Echo_09,2026-09-29 14:02:34.092,264.94,349.43,10.95,34.67
Player_Phoenix_06,2026-09-29 14:02:34.113,196.65,112.71,7.81,80.88
Player_Nova_05,2026-09-29 14:02:34.180,471.04,602.19,4.97,230.03
Player_Cipher_10,2026-09-29 14:02:34.202,457.65,595.42,7.61,219.41
Player_Titan_04,2026-09-29 14:02:34.315,328.35,680.72,25.74,166.68
Player_Shadow_08,2026-09-29 14:02:34.395,495.22,360.3,51.01,156.72
Player_Phoenix_06,2026-09-29 14:02:34.567,197.44,117.67,8.38,80.96
Player_Echo_09,2026-09-29 14:02:34.572,267.29,351.32,5.03,38.89
Player_Spectre_07,2026-09-29 14:02:34.597,441.03,342.88,8.49,125.47
Player_Nova_05,2026-09-29 14:02:34.793,467.6,597.76,9.34,232.14
Player_Cipher_10,2026-09-29 14:02:34.813,452.49,590.69,11.67,222.52
Player_Titan_04,2026-09-29 14:02:34.925,322.77,679.8,9.42,189.42
Player_Shadow_08,2026-09-29 14:02:35.014,491.56,363.65,8.27,137.55
Player_Phoenix_06,2026-09-29 14:02:35.026,197.89,122.14,7.48,84.3
Player_Spectre_07,2026-09-29 14:02:35.062,437.47,349.17,12.04,119.45
Player_Echo_09,2026-09-29 14:02:35.164,269.51,353.01,4.65,37.09
Player_Nova_05,2026-09-29 14:02:35.352,465.79,595.44,4.9,232.1
Player_Cipher_10,2026-09-29 14:02:35.393,449.14,586.91,8.42,228.52
Player_Titan_04,2026-09-29 14:02:35.521,318.24,677.16,8.74,210.24
Player_Phoenix_06,2026-09-29 14:02:35.576,199.06,128.49,10.77,79.52
Player_Spectre_07,2026-09-29 14:02:35.601,435.52,353.16,7.4,116.05
Player_Shadow_08,2026-09-29 14:02:35.629,488.67,367.35,7.82,128.04
Player_Echo_09,2026-09-29 14:02:35.761,273.98,356.13,9.09,34.92
Player_Nova_05,2026-09-29 14:02:35.904,462.72,592.0,7.69,228.28
Player_Cipher_10,2026-09-29 14:02:36.008,446.06,583.35,7.84,229.03
Player_Titan_04,2026-09-29 14:02:36.105,316.97,675.05,4.1,238.75
Player_Shadow_08,2026-09-29 14:02:36.124,485.84,372.06,9.16,121.04
Player_Phoenix_06,2026-09-29 14:02:36.151,199.99,133.03,7.72,78.47
Player_Spectre_07,2026-09-29 14:02:36.211,433.83,357.39,7.6,111.87
Player_Echo_09,2026-09-29 14:02:36.403,278.07,358.84,8.19,33.61
Player_Cipher_10,2026-09-29 14:02:36.487,442.72,579.1,9.02,231.89
Player_Nova_05,2026-09-29 14:02:36.507,459.49,587.91,8.68,231.67
Player_Phoenix_06,2026-09-29 14:02:36.618,201.96,139.07,10.59,71.9
Player_Spectre_07,2026-09-29 14:02:36.752,432.5,359.95,4.81,117.3
Player_Shadow_08,2026-09-29 14:02:36.757,484.44,376.23,7.33,108.49
Player_Echo_09,2026-09-29 14:02:36.946,283.3,362.83,10.96,37.33
Player_Cipher_10,2026-09-29 14:02:37.028,439.95,575.46,7.62,232.69
Player_Nova_05,2026-09-29 14:02:37.040,456.48,584.22,7.94,230.76
Player_Phoenix_06,2026-09-29 14:02:37.191,204.57,145.54,11.63,68.05
Player_Spectre_07,2026-09-29 14:02:37.262,428.79,366.03,11.87,121.39
Player_Shadow_08,2026-09-29 14:02:37.370,483.88,378.98,4.68,101.59
Player_Cipher_10,2026-09-29 14:02:37.515,437.27,572.34,6.84,229.38
Player_Echo_09,2026-09-29 14:02:37.564,279.19,365.69,16.28,37.33
Player_Nova_05,2026-09-29 14:02:37.675,453.25,580.9,7.71,225.79
Player_Phoenix_06,2026-09-29 14:02:37.726,206.21,149.77,7.55,68.82
Player_Spectre_07,2026-09-29 14:02:37.728,427.62,368.33,4.3,117.17
Player_Shadow_08,2026-09-29 14:02:37.876,483.6,382.16,5.31,94.96
Player_Cipher_10,2026-09-29 14:02:37.967,434.2,568.3,8.46,232.71
Player_Echo_09,2026-09-29 14:02:38.214,280.81,367.11,3.58,41.28
Player_Nova_05,2026-09-29 14:02:38.221,450.02,576.99,8.46,230.51
Player_Spectre_07,2026-09-29 14:02:38.315,424.45,375.08,12.43,115.13
Player_Phoenix_06,2026-09-29 14:02:38.341,208.87,155.71,10.85,65.87
Player_Shadow_08,2026-09-29 14:02:38.381,483.33,386.97,8.03,93.22
Player_Cipher_10,2026-09-29 14:02:38.499,431.47,564.42,7.9,234.9
Player_Nova_05,2026-09-29 14:02:38.786,447.1,573.15,8.04,232.7
Player_Echo_09,2026-09-29 14:02:38.789,285.62,371.83,11.24,44.47
Player_Phoenix_06,2026-09-29 14:02:38.811,210.73,159.69,7.32,64.98
Player_Spectre_07,2026-09-29 14:02:38.910,423.31,377.88,5.04,112.17
Player_Shadow_08,2026-09-29 14:02:38.926,483.67,391.12,6.95,85.29
Player_Cipher_10,2026-09-29 14:02:39.103,429.15,560.49,7.61,239.44
Player_Nova_05,2026-09-29 14:02:39.308,443.08,567.89,11.04,232.61
Player_Phoenix_06,2026-09-29 14:02:39.312,211.78,163.49,6.57,74.5
Player_Echo_09,2026-09-29 14:02:39.329,288.59,374.34,6.49,40.22
Player_Shadow_08,2026-09-29 14:02:39.451,483.98,394.88,6.29,85.32
Player_Spectre_07,2026-09-29 14:02:39.480,420.71,382.92,9.46,117.27
Player_Cipher_10,2026-09-29 14:02:39.736,425.84,554.46,11.47,241.25
Player_Nova_05,2026-09-29 14:02:39.835,446.62,564.36,17.29,232.61
Player_Phoenix_06,2026-09-29 14:02:39.838,212.77,168.33,8.24,78.4
Player_Echo_09,2026-09-29 14:02:39.948,290.47,375.72,3.88,36.26
Player_Shadow_08,2026-09-29 14:02:40.020,484.16,399.61,7.87,87.87
Player_Spectre_07,2026-09-29 14:02:40.029,418.41,387.52,8.57,116.54
Player_Cipher_10,2026-09-29 14:02:40.205,423.08,550.19,8.47,237.09
Player_Phoenix_06,2026-09-29 14:02:40.379,213.49,174.38,10.15,83.26
Player_Echo_09,2026-09-29 14:02:40.474,292.7,377.15,4.42,32.73
Player_Nova_05,2026-09-29 14:02:40.482,443.74,560.28,8.34,234.76
Player_Shadow_08,2026-09-29 14:02:40.580,483.38,405.46,9.85,97.51
Player_Spectre_07,2026-09-29 14:02:40.655,415.8,391.19,7.51,125.42
Player_Cipher_10,2026-09-29 14:02:40.766,421.56,547.8,4.71,237.52
Player_Phoenix_06,2026-09-29 14:02:40.877,213.68,178.7,7.2,87.51
Player_Echo_09,2026-09-29 14:02:41.065,294.96,378.77,4.62,35.57
Player_Nova_05,2026-09-29 14:02:41.073,441.17,556.52,7.58,235.64
Player_Shadow_08,2026-09-29 14:02:41.127,982.59,27.54,35.72,97.51
Player_Spectre_07,2026-09-29 14:02:41.300,413.92,394.61,6.5,118.72
Player_Phoenix_06,2026-09-29 14:02:41.478,213.74,182.65,6.58,89.15
Player_Nova_05,2026-09-29 14:02:41.547,439.06,554.26,5.16,227.03
Player_Shadow_08,2026-09-29 14:02:41.602,623.38,316.87,60.18,97.51
Player_Echo_09,2026-09-29 14:02:41.674,298.44,381.24,7.12,35.4
Player_Spectre_07,2026-09-29 14:02:41.861,410.73,399.82,10.18,121.56
Player_Nova_05,2026-09-29 14:02:42.090,436.04,551.08,7.31,226.44
Player_Phoenix_06,2026-09-29 14:02:42.092,213.68,189.2,10.92,90.45
Player_Shadow_08,2026-09-29 14:02:42.248,622.27,321.48,7.91,103.49
Player_Echo_09,2026-09-29 14:02:42.290,301.31,382.97,5.58,31.09
Player_Spectre_07,2026-09-29 14:02:42.330,408.23,404.16,8.35,119.88
Player_Nova_05,2026-09-29 14:02:42.616,431.72,545.91,11.23,230.12
Player_Phoenix_06,2026-09-29 14:02:42.657,213.99,191.68,4.17,82.88
Player_Shadow_08,2026-09-29 14:02:42.733,620.15,326.69,9.36,112.2
Player_Spectre_07,2026-09-29 14:02:42.792,404.63,410.26,11.8,120.58
Player_Echo_09,2026-09-29 14:02:42.805,304.21,384.54,5.49,28.37
Player_Shadow_08,2026-09-29 14:02:43.249,950.0,765.85,78.41,112.2
Player_Phoenix_06,2026-09-29 14:02:43.291,50.0,629.7,80.2,82.88
Player_Echo_09,2026-09-29 14:02:43.307,310.3,387.78,11.5,28.06
Player_Spectre_07,2026-09-29 14:02:43.401,400.77,416.62,12.4,121.23
Player_Shadow_08,2026-09-29 14:02:43.702,940.0,768.82,6.57,131.06
Player_Spectre_07,2026-09-29 14:02:43.875,398.7,420.58,7.46,117.6
Player_Phoenix_06,2026-09-29 14:02:43.930,60.0,631.79,4.12,57.73
Player_Echo_09,2026-09-29 14:02:43.935,314.86,390.69,9.02,32.44
Player_Shadow_08,2026-09-29 14:02:44.190,935.65,771.44,8.47,148.98
Player_Phoenix_06,2026-09-29 14:02:44.416,62.01,633.41,4.31,38.82
Player_Spectre_07,2026-09-29 14:02:44.460,396.46,425.27,8.66,115.52
Player_Echo_09,2026-09-29 14:02:44.550,318.79,393.1,7.69,31.58
Player_Shadow_08,2026-09-29 14:02:44.693,930.48,772.68,8.86,166.45
Player_Echo_09,2026-09-29 14:02:45.039,323.04,395.67,8.27,31.13
Player_Phoenix_06,2026-09-29 14:02:45.045,64.33,635.3,4.99,39.39
Player_Spectre_07,2026-09-29 14:02:45.076,393.97,429.62,8.36,119.82
Player_Shadow_08,2026-09-29 14:02:45.336,926.82,773.09,6.15,173.73
Player_Phoenix_06,2026-09-29 14:02:45.573,68.4,638.16,8.29,35.05
Player_Echo_09,2026-09-29 14:02:45.643,327.02,398.36,8.0,34.1
Player_Spectre_07,2026-09-29 14:02:45.695,391.6,433.13,7.06,124.04
Player_Phoenix_06,2026-09-29 14:02:46.174,50.0,375.54,55.5,35.05
Player_Echo_09,2026-09-29 14:02:46.268,331.57,401.59,9.31,35.35
Player_Spectre_07,2026-09-29 14:02:46.304,388.12,437.44,9.22,128.89
Player_Spectre_07,2026-09-29 14:02:46.758,386.01,440.03,5.57,129.24
Player_Echo_09,2026-09-29 14:02:46.810,333.87,403.22,4.69,35.42
Player_Phoenix_06,2026-09-29 14:02:46.812,60.0,379.25,10.15,37.49
Player_Echo_09,2026-09-29 14:02:47.317,338.94,406.01,9.66,28.8
Player_Spectre_07,2026-09-29 14:02:47.335,383.66,443.92,7.58,121.11
Player_Phoenix_06,2026-09-29 14:02:47.409,65.79,383.62,12.09,37.05
Player_Echo_09,2026-09-29 14:02:47.823,344.85,409.5,11.43,30.53
Player_Spectre_07,2026-09-29 14:02:47.904,380.25,450.27,12.01,118.24
Player_Phoenix_06,2026-09-29 14:02:47.913,69.06,386.13,6.88,37.52
Player_Echo_09,2026-09-29 14:02:48.317,349.17,411.86,8.19,28.66
Player_Phoenix_06,2026-09-29 14:02:48.393,71.68,388.17,5.52,37.88
Player_Spectre_07,2026-09-29 14:02:48.550,378.07,454.95,8.61,114.99
Player_Echo_09,2026-09-29 14:02:48.892,353.85,414.43,8.9,28.86
Player_Spectre_07,2026-09-29 14:02:49.015,376.55,457.47,4.92,121.04
Player_Echo_09,2026-09-29 14:02:49.414,359.58,417.68,10.98,29.53
Player_Spectre_07,2026-09-29 14:02:49.503,373.13,462.99,10.81,121.77
Player_Echo_09,2026-09-29 14:02:49.907,361.77,419.12,4.37,33.21
Player_Spectre_07,2026-09-29 14:02:50.058,371.64,465.76,5.25,118.36
Player_Echo_09,2026-09-29 14:02:50.546,365.54,421.69,7.62,34.33
Player_Spectre_07,2026-09-29 14:02:50.560,369.14,469.84,7.97,121.49
Player_Spectre_07,2026-09-29 14:02:51.051,367.25,473.16,6.38,119.64
Player_Echo_09,2026-09-29 14:02:51.099,367.88,423.1,4.55,31.03
Player_Spectre_07,2026-09-29 14:02:51.530,367.16,478.88,9.53,90.9
Player_Echo_09,2026-09-29 14:02:51.680,370.35,424.58,4.79,30.87
Player_Spectre_07,2026-09-29 14:02:52.123,370.0,485.25,11.63,65.95
Player_Echo_09,2026-09-29 14:02:52.275,373.75,426.52,6.53,29.76
Player_Spectre_07,2026-09-29 14:02:52.624,372.43,488.68,7.0,54.61
Player_Echo_09,2026-09-29 14:02:52.819,378.31,428.98,8.64,28.35
Player_Spectre_07,2026-09-29 14:02:53.145,377.78,493.64,12.16,42.87
Player_Echo_09,2026-09-29 14:02:53.449,382.45,431.16,7.8,27.79
Player_Spectre_07,2026-09-29 14:02:53.779,383.66,495.54,10.29,17.91
Player_Echo_09,2026-09-29 14:02:54.018,386.24,433.52,7.43,31.88
Player_Spectre_07,2026-09-29 14:02:54.305,388.83,494.35,8.85,347.07
Player_Echo_09,2026-09-29 14:02:54.651,390.48,435.6,7.87,26.09
Player_Spectre_07,2026-09-29 14:02:54.848,392.88,491.13,8.62,321.47
Player_Echo_09,2026-09-29 14:02:55.123,394.39,437.46,7.23,25.49
Player_Spectre_07,2026-09-29 14:02:55.483,395.12,487.29,7.41,300.32
Player_Echo_09,2026-09-29 14:02:55.596,396.98,438.73,4.79,26.16
Player_Spectre_07,2026-09-29 14:02:56.061,396.55,481.34,10.2,283.49
Player_Echo_09,2026-09-29 14:02:56.069,401.37,441.0,8.25,27.27
Player_Echo_09,2026-09-29 14:02:56.660,403.5,442.46,4.29,34.52
Player_Spectre_07,2026-09-29 14:02:56.709,396.78,474.32,11.71,271.92
Player_Echo_09,2026-09-29 14:02:57.218,405.57,443.88,4.19,34.57
Player_Spectre_07,2026-09-29 14:02:57.219,396.15,469.05,8.85,263.1
Player_Echo_09,2026-09-29 14:02:57.795,411.29,447.28,11.09,30.64
Player_Spectre_07,2026-09-29 14:02:57.818,394.92,464.33,8.12,255.37
Player_Spectre_07,2026-09-29 14:02:58.376,393.89,462.12,4.07,245.07
Player_Echo_09,2026-09-29 14:02:58.423,417.37,450.85,11.75,30.43
Player_Spectre_07,2026-09-29 14:02:58.896,391.53,457.16,9.15,244.54
Player_Echo_09,2026-09-29 14:02:59.063,414.13,454.65,20.22,30.43
Player_Spectre_07,2026-09-29 14:02:59.471,390.13,454.83,4.53,239.05
Player_Echo_09,2026-09-29 14:02:59.575,419.18,458.9,11.0,40.03
Player_Spectre_07,2026-09-29 14:03:00.060,385.63,448.96,12.32,232.57
Player_Echo_09,2026-09-29 14:03:00.160,422.97,461.81,7.95,37.54
Player_Echo_09,2026-09-29 14:03:00.653,426.82,464.87,8.21,38.51
Player_Spectre_07,2026-09-29 14:03:00.710,382.2,444.38,9.55,233.15
Player_Echo_09,2026-09-29 14:03:01.160,428.17,466.1,3.04,42.34
Player_Spectre_07,2026-09-29 14:03:01.238,379.11,440.94,7.7,228.13
Player_Echo_09,2026-09-29 14:03:01.700,432.03,468.54,7.6,32.35
Player_Spectre_07,2026-09-29 14:03:01.877,375.71,437.12,8.52,228.24
Player_Echo_09,2026-09-29 14:03:02.245,435.26,470.98,6.75,37.07
Player_Spectre_07,2026-09-29 14:03:02.498,372.71,433.93,7.3,226.74
Player_Echo_09,2026-09-29 14:03:02.833,439.81,473.23,8.46,26.23
Player_Spectre_07,2026-09-29 14:03:03.127,370.78,431.69,4.93,229.45
Player_Echo_09,2026-09-29 14:03:03.406,443.53,475.33,7.13,29.52
Player_Spectre_07,2026-09-29 14:03:03.637,365.52,426.39,12.45,225.17
Player_Echo_09,2026-09-29 14:03:04.001,449.28,478.35,10.82,27.69
Player_Spectre_07,2026-09-29 14:03:04.187,362.34,422.7,8.11,229.27
Player_Echo_09,2026-09-29 14:03:04.615,455.01,481.69,11.06,30.2
Player_Spectre_07,2026-09-29 14:03:04.830,357.62,417.36,11.89,228.5
Player_Echo_09,2026-09-29 14:03:05.223,456.41,482.61,2.79,33.44
Player_Spectre_07,2026-09-29 14:03:05.392,354.19,413.98,8.02,224.59
Player_Echo_09,2026-09-29 14:03:05.790,458.37,483.8,3.82,31.15
Player_Spectre_07,2026-09-29 14:03:05.946,351.79,412.16,5.03,217.15
Player_Echo_09,2026-09-29 14:03:06.424,460.51,485.11,4.18,31.54
Player_Spectre_07,2026-09-29 14:03:06.595,347.19,409.1,9.2,213.67
Player_Echo_09,2026-09-29 14:03:06.999,465.49,488.67,10.2,35.53
Player_Spectre_07,2026-09-29 14:03:07.130,341.64,405.15,11.35,215.45
Player_Echo_09,2026-09-29 14:03:07.554,467.84,490.37,4.84,35.89
Player_Spectre_07,2026-09-29 14:03:07.621,337.86,402.42,7.77,215.85
Player_Spectre_07,2026-09-29 14:03:08.225,335.24,399.94,6.01,223.37
Player_Spectre_07,2026-09-29 14:03:08.852,331.96,396.22,8.27,228.53
Player_Spectre_07,2026-09-29 14:03:09.463,330.28,394.63,3.85,223.69
Player_Spectre_07,2026-09-29 14:03:09.964,328.77,392.81,3.93,230.16
Player_Spectre_07,2026-09-29 14:03:10.454,325.0,389.03,8.91,225.1
Player_Spectre_07,2026-09-29 14:03:11.070,322.01,385.87,7.25,226.53
Player_Spectre_07,2026-09-29 14:03:11.601,320.42,384.16,3.88,227.17
Player_Spectre_07,2026-09-29 14:03:12.095,317.06,380.05,8.85,230.74
Player_Spectre_07,2026-09-29 14:03:12.595,313.96,376.16,8.29,231.39
Player_Spectre_07,2026-09-29 14:03:13.141,312.45,373.92,4.5,236.12
Player_Spectre_07,2026-09-29 14:03:13.596,309.18,370.12,8.36,229.32
Player_Spectre_07,2026-09-29 14:03:14.068,306.75,366.56,7.19,235.61
Player_Spectre_07,2026-09-29 14:03:14.561,303.65,362.64,8.33,231.68
Player_Spectre_07,2026-09-29 14:03:15.049,299.45,357.69,10.81,229.73
Player_Spectre_07,2026-09-29 14:03:15.529,295.84,353.01,9.86,232.32
Player_Spectre_07,2026-09-29 14:03:16.095,294.34,351.16,3.96,230.9
Player_Spectre_07,2026-09-29 14:03:16.597,290.78,347.76,8.21,223.69
